user_id,book_id,rating
1,258,5
2,4081,4
2,260,5
2,9296,5
2,2318,3
2,26,4
2,315,3
2,33,4
2,301,5
2,2686,5
2,3753,5
2,8519,5
4,70,4
4,264,3
4,388,4
4,18,5
4,27,5
4,21,5
4,2,5
4,23,5
4,24,5
4,964,4
4,103,5
4,255,2
4,35,5
4,287,3
4,337,4
4,26,3
4,84,4
4,58,4
4,1117,3
4,660,3
4,111,2
4,5,4
4,413,4
4,8,4
4,2172,4
4,65,4
4,297,4
4,45,4
4,113,4
4,325,5
4,476,3
6,6351,4
8,2732,5
8,1432,3
8,479,4
8,3020,5
8,6195,4
8,614,4
8,4622,5
8,9114,5
8,194,4
8,14,5
8,2584,5
8,55,5
8,772,4
8,778,5
8,1937,3
8,493,5
8,362,5
8,1967,3
8,529,5
8,5425,5
4,1237,5
4,145,2
4,36,5
4,102,5
4,222,4
4,200,4
4,13,4
4,640,3
4,693,5
4,575,3
4,55,4
1,268,3
1,5556,3
1,3638,3
1,1796,5
1,867,3
1,47,3
1,2738,3
4,1296,3
4,50,4
4,87,5
4,86,4
4,123,4
4,32,4
4,28,3
4,33,3
4,42,5
4,249,4
4,158,4
4,373,4
4,184,4
4,495,4
4,350,3
4,492,4
4,219,4
4,288,4
4,11,4
4,245,5
4,301,4
4,1057,3
4,596,3
4,782,3
4,426,3
9,397,3
9,658,4
9,101,5
9,344,4
9,372,4
9,943,5
9,1923,4
9,122,4
9,212,5
9,1642,4
9,317,4
9,33,3
9,26,2
9,9,1
9,81,1
9,60,5
9,494,2
9,238,3
9,14,4
9,570,5
9,795,4
9,2193,2
9,11,1
9,3417,5
9,4139,5
9,1055,4
9,181,5
9,5,5
9,119,4
9,4815,5
9,1221,3
9,1301,2
9,1986,2
9,1057,2
9,1037,2
9,963,2
9,596,2
9,1388,2
9,7868,2
9,1407,2
9,227,2
9,213,2
9,587,4
9,664,4
9,476,2
9,325,2
9,407,5
9,1311,2
9,10,5
9,76,4
9,171,4
11,111,2
11,11,4
11,94,5
11,2559,5
11,522,3
11,258,3
11,408,3
11,516,4
11,6944,3
11,426,4
11,495,3
11,574,3
11,8,5
11,26,3
11,33,4
11,3560,5
11,233,5
11,325,4
11,3703,3
11,2079,4
11,1853,3
11,9606,3
11,7277,4
11,115,4
8,177,5
11,47,4
15,8,5
15,2,4
15,5,4
15,101,5
15,4,3
15,24,4
15,11,5
15,27,4
15,18,4
15,21,3
15,65,5
15,13,4
15,33,5
15,26,3
15,2903,4
15,230,4
15,10,5
15,76,5
15,471,4
15,483,5
15,2339,5
15,709,5
15,167,5
15,361,3
15,326,5
15,87,5
15,304,5
15,100,4
15,306,5
15,337,5
15,92,4
15,887,3
15,119,5
15,310,5
15,465,4
15,8440,4
15,71,4
15,1329,5
15,795,5
15,2193,4
15,3002,4
15,241,5
15,4043,4
15,148,4
15,68,5
15,1144,4
15,941,4
15,782,4
15,1993,5
15,1217,5
15,2347,5
15,7260,4
15,9363,4
15,688,5
15,3340,5
15,14,4
15,550,4
15,115,5
15,8842,3
15,344,4
15,171,5
15,36,5
18,572,4
18,3566,3
18,2584,4
18,557,4
18,1102,2
18,344,4
18,3551,2
18,60,3
18,101,4
18,372,3
18,943,4
18,1923,4
18,2615,4
18,4054,5
4,3273,2
4,1037,4
4,100,3
4,48,4
4,95,4
4,1311,3
4,387,4
4,497,5
4,2190,4
4,1733,3
4,1301,3
4,489,5
4,1435,4
4,1380,5
4,221,4
4,401,4
4,131,4
4,3469,5
18,662,4
18,2770,5
18,9287,2
18,13,4
18,119,4
18,1544,4
18,426,4
18,3219,3
18,55,4
18,48,4
18,65,5
18,405,4
18,3068,4
18,3202,4
18,7538,5
18,7254,5
22,264,2
22,284,4
22,350,5
18,8329,4
8,45,3
24,378,4
24,323,4
24,100,4
24,1144,4
24,1752,5
24,860,4
24,2188,4
24,1031,5
24,2304,5
24,7770,4
24,2142,5
24,4149,3
24,233,4
24,948,4
24,1936,5
24,2738,4
24,2586,4
24,1970,3
24,483,4
24,1329,4
24,7409,4
24,9,4
24,326,5
24,26,3
24,33,4
24,289,5
24,662,5
22,7638,3
22,442,4
22,1142,4
22,3425,5
22,176,5
22,349,4
22,232,2
22,1589,4
22,1900,4
22,670,4
22,1498,4
22,739,4
22,488,2
22,865,3
22,1987,5
22,2352,2
22,168,5
22,3314,2
22,48,5
22,2673,2
22,9,2
22,1236,3
22,289,5
22,4810,4
18,130,5
25,14,4
25,8336,4
25,653,5
25,5374,4
25,872,4
25,8949,5
25,977,5
25,4602,4
25,7277,4
25,5730,5
25,483,5
25,4531,5
25,58,4
25,4,4
25,13,4
25,2339,5
25,5940,5
25,65,5
25,2975,4
24,148,3
24,136,3
24,78,2
24,1639,4
24,186,3
24,398,3
24,60,2
24,2320,3
24,658,4
22,450,3
22,2298,3
28,3504,4
28,2615,5
24,741,3
32,238,4
32,550,5
32,2357,5
32,758,5
32,101,4
32,344,4
32,2615,4
32,9624,4
32,245,5
32,150,5
32,26,3
32,9,3
32,66,5
32,2302,3
32,1272,4
32,2621,4
32,2,4
32,398,4
32,848,3
32,3979,3
32,236,4
32,142,5
32,306,4
32,122,4
32,4317,4
32,2192,4
32,42,5
32,114,4
32,132,4
32,22,4
32,5,4
32,8,5
32,6417,4
32,576,4
32,431,3
32,7,3
32,4682,3
32,1217,4
29,27,5
29,21,5
29,2,5
29,24,4
32,606,4
32,85,5
32,158,4
32,373,5
32,416,5
32,50,5
32,32,5
32,1383,3
32,574,4
32,179,4
32,14,3
32,33,4
32,75,3
32,136,4
32,3997,3
32,4095,3
32,1131,3
25,5244,4
34,498,5
32,9934,5
34,371,3
34,1518,5
34,9588,4
34,162,4
34,2674,3
34,2620,3
34,89,4
34,8995,3
34,424,3
34,405,4
34,2177,4
34,611,4
34,2209,5
34,1322,4
34,1312,3
34,10,4
34,391,5
34,442,5
34,408,2
34,958,5
34,5326,4
34,5101,4
34,296,5
34,740,4
34,1657,5
34,121,4
34,70,4
34,232,4
34,9308,5
34,5830,4
34,547,4
34,3203,3
34,400,4
34,3941,3
34,1010,5
40,690,4
40,179,5
40,1184,4
40,5,3
40,3123,3
40,1312,3
40,436,4
40,32,3
40,10,5
40,4,5
40,13,4
40,495,4
40,483,5
40,101,4
40,344,4
40,659,3
40,63,3
40,587,4
40,249,4
22,408,4
22,687,3
22,598,5
22,3278,3
22,3298,3
22,1018,5
22,2669,3
22,1246,4
22,2299,2
22,2382,3
22,6578,2
22,7316,3
22,8512,2
22,8214,4
22,2426,5
22,1380,5
22,633,5
31,743,4
31,1153,3
31,2034,3
31,2923,3
31,3036,3
31,4979,3
31,4031,3
31,3883,3
31,39,4
31,165,3
31,135,3
31,110,3
31,598,5
31,1018,4
31,3278,4
31,3298,4
31,1246,4
31,2669,4
31,2382,3
31,2299,3
31,2,3
31,24,3
31,21,3
31,27,3
31,23,3
31,18,3
31,1299,4
31,4316,3
31,3428,4
31,4455,5
31,70,5
31,360,4
31,496,4
31,2406,4
31,2047,4
31,2965,4
31,806,4
31,1053,4
31,612,4
31,936,3
31,1261,3
31,725,3
31,232,4
31,168,3
31,915,4
31,7522,4
31,289,4
31,2873,4
31,13,4
31,14,3
31,28,4
31,499,3
31,2051,3
31,1868,4
31,350,4
31,2015,3
31,32,3
31,287,1
31,994,4
31,1656,4
31,5658,4
31,7667,2
34,937,4
43,8,4
43,101,4
43,709,5
43,426,5
31,75,3
22,45,5
31,33,3
31,2615,3
31,272,4
31,271,4
31,2601,2
31,5100,3
31,5563,3
31,136,2
31,101,4
31,55,4
31,372,4
32,2015,3
24,8,4
24,2,3
24,23,3
24,24,4
24,21,3
49,867,3
49,1843,5
18,3237,4
46,268,4
18,913,5
46,483,5
50,217,4
50,26,2
53,270,2
53,14,2
53,35,1
53,80,5
53,130,4
53,653,2
24,27,4
24,18,3
24,3310,4
24,119,4
24,883,3
55,212,5
55,3141,3
55,1544,5
55,7462,5
24,228,2
55,2051,1
24,11,4
58,26,1
58,58,4
58,18,5
58,14,3
58,2,3
58,653,5
58,5,4
58,13,4
58,24,4
58,21,5
58,27,4
58,10,4
58,11,4
58,65,4
55,264,5
55,397,2
55,653,5
24,1806,5
46,1741,5
55,520,4
46,672,5
46,1410,5
46,2235,5
46,7991,5
46,3229,5
46,5858,5
46,9469,5
46,8215,5
46,7208,5
46,7619,5
46,5041,5
46,6684,5
46,671,5
46,5665,5
46,6512,5
46,5505,5
46,4240,5
46,9116,5
46,9494,5
46,7748,5
46,5115,5
46,7681,5
46,5861,5
46,8868,5
46,6078,5
55,43,5
46,6501,5
46,6211,5
46,7607,5
46,7006,5
46,8156,5
46,6087,5
46,3752,5
46,6212,5
46,200,5
46,1058,5
46,4728,5
61,11,5
61,33,3
61,26,3
61,2,4
61,24,4
61,21,4
61,27,4
61,18,4
61,57,4
61,273,3
55,217,3
34,570,3
34,60,2
34,168,4
34,172,4
34,546,2
53,1664,5
53,213,3
53,315,1
53,4862,4
53,66,5
62,572,5
62,171,3
62,1041,4
62,701,4
58,8336,4
58,2716,4
58,7639,5
58,941,3
58,4640,4
58,177,5
58,80,5
58,4068,4
58,270,3
58,8946,5
58,66,5
58,148,4
58,5551,4
58,189,4
53,6195,1
53,2027,3
53,786,3
53,4602,1
53,8336,1
53,489,2
53,125,5
65,161,5
65,180,4
65,129,5
65,155,4
65,213,4
65,8,5
65,5,5
65,26,1
65,2,4
65,24,5
65,21,5
65,27,5
65,14,4
65,18,5
65,55,5
65,58,5
65,32,4
65,2041,1
65,953,4
65,176,5
65,936,4
65,1053,3
65,612,4
65,232,5
65,305,2
65,806,5
65,556,4
66,10,3
66,76,2
66,2,2
66,35,4
66,629,2
66,2902,2
54,81,5
54,199,5
56,2679,4
32,59,4
32,857,5
32,102,5
32,160,2
32,530,5
32,125,4
32,321,4
32,138,3
32,387,3
53,26,3
32,531,3
32,733,4
69,8,5
69,89,4
69,35,3
69,26,3
69,4,5
69,32,5
69,5,5
70,323,5
70,26,4
70,80,5
70,7022,3
70,5792,4
70,709,5
70,1206,4
70,629,4
70,1663,2
70,1835,4
70,1506,4
70,9473,3
70,3928,5
70,2027,3
63,121,3
63,130,4
70,597,5
70,8704,4
70,653,5
63,10,2
63,32,3
63,315,3
70,154,4
70,29,5
70,125,5
70,353,4
70,770,3
70,530,4
70,839,4
70,248,4
70,773,3
70,8336,3
70,270,4
70,489,3
70,606,2
72,4,5
72,55,3
72,8,2
72,550,5
70,7810,4
72,1714,5
72,118,5
72,848,4
72,867,2
72,10,5
72,2136,4
72,230,4
72,171,5
72,471,4
70,35,3
70,401,3
70,1580,4
70,427,4
70,95,3
70,935,2
73,5024,4
73,8692,5
73,6808,5
73,3933,3
73,758,5
73,268,4
73,820,5
73,380,5
73,851,4
73,611,3
73,270,5
73,3761,4
73,7715,5
73,80,5
73,115,4
73,709,5
73,8,5
73,131,3
73,730,3
73,1161,4
73,32,4
73,1970,5
73,63,4
73,65,4
73,178,5
73,177,4
73,121,5
73,219,5
73,162,5
73,614,3
73,587,3
73,58,4
73,6128,5
73,427,5
73,180,3
73,5,4
73,26,3
73,4,3
73,24,4
73,21,4
73,27,4
73,18,4
73,10,5
73,28,5
73,23,4
73,287,3
73,130,4
73,405,3
73,829,3
73,1949,4
73,2403,5
70,172,5
70,10,3
70,478,3
73,171,5
73,1571,4
73,2097,4
73,570,5
73,1421,3
73,3476,4
73,9083,4
73,646,4
73,321,5
73,173,5
73,5210,5
73,2259,3
73,2798,5
73,397,4
73,6634,4
73,3808,5
73,4942,5
73,71,5
73,97,5
73,499,4
73,5238,5
73,66,5
73,618,4
73,5508,5
73,4707,4
73,2,4
59,5,3
59,4068,3
59,635,3
59,1206,3
59,786,3
59,94,3
59,8336,5
74,8882,5
59,80,5
59,26,4
59,14,3
59,2024,3
74,582,5
74,3009,5
59,941,3
59,662,4
59,378,4
74,125,2
74,718,3
59,35,1
59,653,3
74,2323,2
59,6921,4
74,3029,5
74,6324,3
74,6306,3
74,3569,3
74,2073,5
74,5423,3
74,5525,3
74,3640,3
74,6399,4
74,3760,3
74,2595,3
74,4353,4
74,1755,5
73,3457,5
73,2903,3
73,5283,4
73,354,5
73,468,4
73,7416,2
74,375,4
74,1650,4
74,935,4
59,629,3
59,1663,2
59,489,1
59,5730,4
73,1373,5
73,117,5
73,872,4
73,1113,5
73,621,4
73,999,4
75,3254,2
75,6777,5
75,11,5
59,3379,4
75,372,4
75,476,3
75,115,4
75,741,4
75,743,3
75,122,4
75,1714,4
75,109,3
75,7379,3
75,22,4
75,150,4
75,9854,3
75,63,4
75,662,4
75,378,4
76,8,4
76,24,5
76,21,5
76,18,5
76,66,4
76,4068,5
76,60,4
76,75,5
76,599,5
76,54,5
76,121,5
76,87,3
76,45,4
76,22,3
76,108,4
76,955,2
76,1063,2
76,1436,2
76,39,3
76,426,4
76,27,5
76,2,5
76,219,5
76,498,5
76,311,5
76,26,4
76,9,3
75,8519,4
76,925,4
76,4606,4
76,669,5
76,6604,5
75,4842,1
76,270,4
76,828,5
76,2451,4
76,4067,4
25,8455,4
25,8555,4
70,1167,5
70,14,5
70,972,2
70,5525,3
70,94,5
59,184,3
72,64,3
72,1159,5
72,2679,4
59,1131,3
76,315,2
76,130,3
76,109,4
76,80,5
76,42,3
76,171,3
76,76,3
76,10,5
59,8946,5
59,148,4
70,635,3
70,772,3
80,65,3
80,8,2
80,5,2
80,26,1
80,8946,3
80,8882,3
76,160,4
76,272,4
76,653,5
76,7651,4
25,2902,1
25,1663,1
25,395,4
25,3903,5
38,1031,4
38,786,3
38,85,3
38,8455,4
38,8079,3
38,2544,3
59,6160,4
59,9754,4
38,24,4
38,2,4
38,18,4
38,27,4
38,934,3
59,60,2
38,6354,4
38,213,4
38,6160,3
38,8882,3
53,2302,1
83,8,4
83,5,4
83,26,4
83,4,5
83,2,4
83,24,4
83,13,4
83,21,4
83,14,4
83,27,4
83,55,5
83,93,5
83,2357,5
83,550,5
70,706,2
83,1234,4
83,1970,5
76,92,3
40,122,2
85,24,4
85,101,4
85,26,4
85,33,4
85,495,4
85,45,4
85,150,4
85,516,4
85,8,5
85,5,4
85,2,4
85,4,5
85,13,5
85,21,3
85,14,5
85,27,3
85,58,4
85,55,1
85,65,2
85,80,5
85,483,4
61,3638,4
38,483,3
38,233,3
38,94,4
76,958,3
76,413,2
76,172,5
76,590,3
25,662,5
55,2013,4
85,23,4
85,18,4
85,372,4
85,1096,4
85,9,4
85,4009,4
40,795,3
85,354,1
54,11,5
54,217,4
54,87,5
54,26,4
54,378,5
54,310,2
54,383,2
78,284,4
78,55,2
78,14,2
78,8805,3
78,180,1
78,4634,4
78,3508,5
78,4672,4
78,8336,2
78,4640,4
78,95,5
78,3785,5
45,662,5
85,1269,3
73,118,4
73,43,3
78,3913,3
78,592,5
78,23,1
78,828,3
78,2342,4
76,7806,3
78,94,4
78,7,4
78,155,3
78,19,4
78,161,5
78,4336,5
78,5754,3
78,653,2
78,130,4
78,70,3
78,934,5
78,5088,3
89,1705,4
89,574,3
89,1272,5
89,380,5
38,9303,4
89,323,4
89,287,4
89,211,2
89,127,3
89,969,3
89,8084,3
38,1624,4
89,1683,4
38,5244,3
93,131,3
93,11,5
38,8336,5
38,1214,4
38,1135,4
38,959,4
38,4622,3
38,8878,4
93,969,4
93,287,5
93,255,5
63,786,3
63,278,3
63,8455,5
63,85,4
63,3508,4
63,1996,3
63,58,3
63,5327,3
63,4974,3
63,8946,3
63,177,3
63,8792,3
63,4475,5
63,160,3
63,83,4
63,590,3
63,361,3
89,1055,5
89,2698,5
89,7495,5
89,714,5
63,718,3
76,2023,3
80,118,3
4,81,5
4,468,4
4,1210,5
4,436,3
4,101,4
38,669,4
38,6820,4
94,1079,4
94,9236,2
94,653,3
94,4119,4
94,3696,2
94,984,3
94,629,2
94,1206,3
94,3821,1
94,2,2
94,23,3
94,24,2
94,21,1
94,66,3
94,6070,4
94,315,3
58,885,3
58,311,3
58,2902,3
58,1206,1
58,6921,4
58,2302,2
94,2082,5
94,85,4
94,50,3
94,786,4
40,8,4
65,3141,3
65,6283,3
89,22,3
89,38,3
65,287,5
89,4602,4
89,820,5
89,94,4
89,194,5
89,7266,5
89,2809,4
89,43,2
89,1133,4
89,3451,4
83,916,4
89,268,4
78,2097,4
78,485,5
78,959,5
78,1135,5
78,512,3
78,395,4
78,1113,4
78,964,4
78,479,5
78,4106,4
78,97,3
78,154,4
89,78,1
89,180,4
94,180,3
94,6921,4
18,282,2
94,4068,2
94,699,1
94,172,3
94,42,2
94,7639,4
94,184,1
94,158,1
18,92,3
18,408,3
89,8857,5
89,1258,5
89,416,4
89,184,5
89,26,1
89,24,3
89,2,3
89,18,4
89,27,3
89,21,3
89,45,4
89,158,5
89,1938,4
89,335,4
89,373,4
89,2741,3
89,2620,3
89,8998,4
89,7103,3
89,8192,4
34,3923,3
66,80,5
66,4606,3
66,669,4
66,653,3
66,489,4
66,828,3
40,26,4
40,2,5
40,24,4
40,21,4
40,27,4
40,18,4
40,14,3
40,11,2
40,115,5
40,28,4
40,60,3
40,23,4
40,113,4
40,66,5
100,8946,5
100,26,3
100,35,3
100,3085,3
100,9754,3
100,6160,4
100,148,4
100,1131,4
100,4068,3
100,14,3
100,786,3
100,94,3
100,1206,2
45,5374,4
45,635,3
45,8336,3
45,378,4
45,4068,5
45,2716,5
45,606,4
45,7639,4
45,483,4
45,60,5
45,6921,3
100,323,4
100,11,3
100,33,4
100,653,3
100,489,3
100,58,3
100,2380,3
100,3379,4
100,635,4
100,629,3
100,10,3
100,121,3
100,66,4
100,85,4
100,125,3
100,29,3
100,172,3
100,614,4
100,6772,5
100,5730,4
100,3913,4
100,4862,3
100,8455,3
100,5244,3
100,9460,4
100,7810,3
100,5374,3
100,4531,3
100,5792,4
100,8456,3
100,2027,4
100,606,4
100,1847,4
100,8152,4
100,9936,3
100,5911,3
65,8805,5
65,284,1
65,196,5
100,4504,4
53,8882,2
53,714,3
53,361,1
53,160,1
100,6070,3
53,85,3
53,278,3
53,8946,5
70,83,3
26,225,4
26,131,4
26,3387,5
26,65,4
26,1133,4
26,323,4
26,397,4
26,736,4
26,48,4
26,2869,4
26,8818,4
26,1411,4
26,181,4
26,879,4
26,45,4
26,180,4
26,3085,3
26,2097,4
26,1714,4
26,264,5
26,9317,3
26,7251,4
26,3913,3
26,5792,3
26,8814,4
26,3219,4
26,494,4
26,2274,4
26,1299,4
26,7262,5
26,7874,4
26,2875,4
26,4672,4
26,3916,4
26,6064,4
74,315,4
15,943,5
89,35,3
89,468,5
89,8,4
89,119,2
89,32,4
29,4,4
29,2729,4
29,485,5
29,1106,4
29,6575,4
29,37,5
29,602,4
29,332,5
29,292,5
29,347,4
29,641,4
29,542,4
29,427,4
29,1580,4
29,2342,3
29,8611,3
29,4071,3
29,1521,4
29,2366,5
29,6820,3
29,1255,4
29,213,4
29,5386,5
29,1458,5
29,1186,4
29,1679,4
29,184,5
29,373,5
29,1373,5
29,577,5
29,103,4
29,6173,3
29,76,5
29,560,4
29,530,4
29,48,4
78,5865,4
78,177,3
78,1041,5
78,614,3
103,867,5
103,11,4
103,287,5
103,2860,5
103,397,4
100,1961,4
105,1553,5
105,5609,3
105,5295,3
105,3608,3
105,4656,3
105,3832,3
105,38,4
105,28,3
105,287,4
105,405,5
105,325,5
105,758,5
105,167,3
105,806,4
105,725,4
105,953,4
105,176,4
105,232,5
105,936,3
105,915,4
105,1053,4
105,488,5
105,168,4
105,612,3
105,374,5
105,6064,4
105,337,5
105,878,4
105,4510,4
54,122,4
108,92,4
108,11,5
108,211,3
108,127,4
34,360,4
34,43,4
34,59,5
24,281,3
24,7868,3
24,80,4
24,3400,4
24,4605,4
24,4983,4
24,1597,5
24,453,3
24,2757,3
24,325,4
54,111,4
54,1005,2
54,225,3
54,38,4
18,228,2
80,763,4
80,354,3
80,198,3
80,4,2
80,3156,3
80,3048,5
80,8355,3
89,934,5
58,629,2
58,43,3
58,6383,4
58,378,4
58,5730,3
100,9236,4
100,3049,4
100,6593,4
100,4475,4
100,478,3
100,162,4
100,4640,4
100,1113,4
100,180,4
112,4047,5
112,9768,5
112,570,4
112,398,4
112,372,5
112,516,5
112,6242,5
112,9542,5
112,5294,4
112,9533,5
112,795,5
112,3476,4
112,2284,5
113,4663,3
113,7647,5
103,2027,5
103,45,5
103,520,4
113,3497,5
113,1863,5
113,2608,5
113,1480,5
113,2959,5
113,8332,4
113,4194,5
113,6374,4
113,8085,4
113,7505,4
113,7981,4
113,3244,5
113,2783,3
113,3177,4
113,3648,5
113,2623,5
113,1857,5
113,5805,4
113,6368,4
113,7895,4
113,4712,4
113,3663,5
113,9533,5
113,9542,5
113,6242,5
113,5294,5
113,323,2
113,3708,2
113,354,4
113,5629,4
113,2508,4
113,763,5
113,6934,5
113,1642,5
113,6389,4
113,2809,4
113,3028,4
113,3837,4
113,2561,5
113,6675,3
113,572,3
113,1845,4
113,119,5
113,2341,3
113,2303,3
113,2550,3
113,2549,3
113,2090,3
113,2224,3
113,3510,3
113,1086,2
113,1553,3
113,3166,4
113,2911,4
113,5295,4
113,3608,2
113,4656,4
113,5092,4
113,3874,3
113,3832,2
113,2605,3
113,8398,3
113,42,5
113,3580,5
113,356,4
113,54,4
113,9308,5
113,3063,5
113,3826,5
113,5463,5
113,4650,5
113,4534,5
113,8038,4
113,180,5
113,1503,5
113,2274,5
113,2025,4
108,659,4
113,2406,2
113,496,2
113,2047,2
108,690,4
113,43,5
108,372,3
108,101,4
113,424,5
108,1843,2
113,3780,4
113,137,4
113,463,3
113,712,2
113,554,3
108,94,4
113,39,5
113,110,4
113,135,3
113,165,3
113,282,5
113,4440,4
113,2262,4
113,4044,4
113,6838,2
113,6079,3
113,76,5
113,171,4
113,1779,5
113,219,4
113,620,3
108,57,5
108,122,3
108,1299,3
108,1503,5
59,43,3
108,2274,4
108,3027,4
108,45,4
18,26,2
18,5,4
114,8,5
114,718,5
114,1432,5
114,94,5
115,8,5
115,5,5
115,13,4
115,101,4
115,55,3
115,32,3
115,58,4
115,92,2
115,493,4
115,6575,5
115,3582,3
115,515,5
115,94,5
115,1239,4
115,8295,3
115,2049,4
115,1590,2
115,2976,4
115,1825,4
115,4042,3
115,5491,3
115,728,4
115,4981,5
18,121,4
38,121,3
29,94,5
29,1239,4
29,2419,4
29,5699,4
100,5327,4
22,4885,5
100,4602,4
22,891,3
22,3644,4
22,951,3
22,1318,4
117,6160,5
117,178,5
117,5114,5
117,94,3
117,18,5
117,27,5
117,2,5
117,24,5
117,489,5
117,1357,5
54,249,5
54,94,4
54,8080,4
54,2546,3
18,11,3
100,2934,2
117,7806,5
117,80,5
117,592,4
117,478,3
86,6921,5
86,2975,5
86,3913,5
86,2926,4
86,8456,2
86,5792,2
86,177,3
86,1113,5
86,8946,5
90,150,4
90,113,3
90,372,4
114,14,5
18,2034,3
18,8585,4
18,7292,3
18,3597,3
116,4672,5
116,284,5
116,129,4
116,8805,4
116,1318,5
116,1444,5
116,1960,5
116,2344,4
116,4421,5
116,1571,4
116,4197,4
116,413,3
116,103,4
116,337,5
116,4606,2
116,1074,4
116,951,5
116,1124,5
116,1969,4
116,2259,5
116,424,5
116,476,4
116,255,1
116,173,4
116,1299,5
116,2025,4
123,5,4
123,26,5
123,4,3
123,58,3
123,32,4
123,64,5
123,111,3
123,100,2
123,45,4
86,709,4
86,483,4
86,55,4
86,11,5
86,14,5
86,934,5
86,8882,4
86,614,4
86,6160,4
86,2024,5
86,1624,3
86,7651,4
86,178,5
86,5730,5
86,5244,2
86,2027,3
86,8079,5
86,4602,2
86,213,4
86,5,4
116,7540,5
116,688,5
116,663,4
116,9790,5
116,1283,4
124,8,4
124,4,5
124,26,3
124,2,2
124,24,2
124,13,4
124,14,3
124,21,2
124,27,2
124,18,3
124,10,5
124,55,4
124,115,3
124,5374,4
124,297,4
124,2210,4
124,233,3
124,150,3
124,501,3
124,4769,5
124,35,5
124,28,3
124,113,4
124,599,4
124,751,5
124,1014,5
124,1368,4
124,1768,3
124,2554,5
124,2677,4
124,2944,3
124,3000,3
124,6144,3
124,2043,3
124,2271,3
124,184,5
124,373,4
124,335,4
124,416,4
124,158,4
124,1258,5
124,2741,4
124,6078,4
124,1410,4
124,1206,5
124,629,5
124,708,3
116,9579,4
125,94,4
125,8,5
125,58,4
125,26,4
125,2,4
125,24,5
125,21,4
125,27,4
125,11,5
125,55,4
125,33,5
125,32,3
125,662,5
125,378,4
125,5794,5
125,38,5
125,100,4
125,122,3
125,3002,3
125,1025,4
125,131,5
125,972,3
125,9111,4
125,354,5
125,763,4
125,4275,5
125,45,4
125,306,4
125,179,4
125,2252,3
125,3311,4
125,1714,4
125,118,4
125,80,5
63,131,3
63,5730,3
63,125,4
89,523,5
89,1099,3
86,7806,4
86,2716,2
86,2023,3
86,6772,5
86,635,3
86,560,3
86,272,4
86,3379,2
86,109,3
86,154,4
86,1914,4
86,276,5
86,2380,3
86,7039,4
86,200,4
86,148,3
86,6195,3
126,101,5
126,11,3
126,55,4
126,58,4
126,65,5
126,474,4
126,2798,5
126,550,4
126,1349,2
126,2615,4
126,217,4
126,2738,3
126,92,4
126,5495,3
126,1238,5
126,495,5
126,3092,4
126,6895,3
126,374,4
126,2321,3
126,1333,4
126,1102,4
126,238,4
126,6375,5
126,4620,4
126,4018,4
126,1224,4
126,189,5
126,9,1
126,211,2
126,45,4
126,1280,4
126,126,4
126,48,3
126,401,3
126,70,5
126,2897,3
126,760,3
126,127,2
126,969,2
126,590,5
126,9946,5
126,264,4
126,688,4
126,516,3
126,113,5
126,60,3
126,372,4
128,186,5
128,5037,4
124,94,3
124,323,5
124,7327,4
128,40,3
128,3561,2
124,7266,3
124,606,4
124,32,3
124,456,4
124,3916,3
124,3048,3
124,956,5
129,426,5
114,162,3
124,560,4
124,8857,4
124,2620,2
124,7103,2
115,211,2
125,265,5
125,43,4
125,321,5
125,162,3
86,7810,4
86,7022,4
86,4531,5
86,5374,4
125,264,4
125,1255,5
125,219,5
125,194,3
125,138,3
125,154,5
125,2540,5
89,29,3
89,353,4
124,29,4
126,129,4
126,173,4
126,289,4
126,4096,4
126,84,4
124,180,3
125,127,3
125,398,4
125,57,3
135,8,3
135,26,4
135,2,2
135,13,3
135,14,3
135,55,2
135,32,3
135,39,5
135,165,1
135,110,4
135,135,5
135,408,4
125,1888,5
125,160,3
125,301,2
125,3844,5
115,6524,5
63,498,4
63,4485,3
122,22,1
122,5792,2
122,7022,3
122,4531,3
94,606,5
32,2475,4
24,4,4
24,15,4
24,372,4
135,28,2
115,301,4
115,138,3
115,154,4
115,127,3
115,9006,4
137,113,5
137,94,5
137,542,3
137,602,3
137,347,5
137,332,5
137,292,5
137,641,4
137,37,5
137,70,5
137,492,4
137,760,4
137,1646,5
137,1213,4
137,838,5
137,2564,4
137,2312,4
137,8878,3
137,1239,5
137,730,2
137,95,3
137,55,4
137,1580,3
137,715,4
137,43,3
137,448,4
137,7254,5
137,5207,5
137,1788,5
137,4483,5
137,6590,5
137,6920,5
137,6361,5
137,1010,5
137,8,3
137,14,5
137,28,3
136,101,4
136,5,4
136,8,4
136,1544,5
137,503,3
137,2536,3
137,6364,5
137,271,5
137,60,4
137,245,5
137,71,5
137,29,4
137,2,2
137,160,3
137,154,2
137,97,3
137,125,4
137,1178,3
137,714,4
137,90,3
137,36,4
137,335,3
137,416,2
137,18,4
137,103,4
137,9,4
137,413,5
137,26,3
137,145,3
86,653,4
86,323,4
86,485,5
86,8,4
86,65,4
86,1041,5
86,1996,3
86,3754,3
86,219,3
86,116,3
86,590,3
137,32,5
137,635,4
136,1121,5
135,371,3
135,1179,5
135,5381,2
135,633,5
135,693,4
135,660,4
135,487,2
135,84,5
135,3797,2
135,593,2
135,70,5
135,92,5
135,1431,4
135,341,2
135,4361,4
135,1223,4
135,1862,4
135,2640,4
135,2977,5
135,2491,1
94,323,5
94,489,2
94,148,3
94,26,4
94,8,5
94,35,3
94,5327,4
94,80,5
94,375,2
94,2286,4
94,103,3
135,180,3
135,770,3
135,29,4
135,3948,2
135,125,3
135,154,5
135,297,4
135,1384,4
135,729,3
116,94,5
116,2115,4
22,3560,3
22,167,4
22,119,4
22,429,5
22,8035,3
22,982,4
22,1862,4
135,7,3
135,239,5
100,1727,2
100,1755,1
100,2323,1
66,786,3
66,85,3
66,278,3
66,2716,5
66,18,2
66,9,2
66,272,3
66,606,5
66,1206,2
66,635,5
66,2163,5
66,7683,5
66,4475,3
115,131,5
115,4,3
115,5648,3
115,28,3
115,353,3
141,5244,3
141,7462,4
141,9905,3
141,820,3
141,6364,2
115,387,4
115,325,3
115,2963,4
115,162,5
115,4503,3
124,129,5
124,63,2
124,15,3
124,387,3
124,2190,4
124,230,3
124,2732,4
124,213,4
124,54,5
124,160,4
136,249,3
136,58,5
136,4,3
136,32,4
56,7008,4
115,117,4
115,1530,4
115,3739,3
115,714,5
115,1465,3
115,715,3
38,4974,5
137,2052,3
137,2123,2
137,373,3
137,184,5
137,7266,4
137,2741,3
137,9402,4
137,6359,3
137,2184,2
137,266,3
137,242,4
137,1037,4
137,1301,3
137,343,4
137,281,2
137,1388,3
137,833,2
137,1057,3
137,1733,3
137,963,5
125,715,3
125,117,4
125,410,3
125,2963,3
125,387,4
125,28,4
125,1312,4
125,6242,4
125,448,3
125,3331,5
125,18,5
125,23,4
29,1383,5
29,2597,3
4,4,4
4,398,3
4,117,4
4,661,4
4,85,5
4,715,4
4,1258,4
4,10,5
4,335,4
142,1544,5
142,5700,5
142,3560,5
142,520,5
142,430,5
142,380,4
142,1500,5
142,1703,3
142,682,5
142,121,5
142,916,4
142,3417,5
142,4788,4
142,2027,5
136,3911,4
136,6180,5
136,354,3
136,8818,5
136,14,3
136,483,3
136,653,5
136,287,1
136,405,4
136,130,4
143,18,3
143,516,3
143,38,5
143,92,4
143,23,4
143,94,3
143,45,3
143,35,4
143,55,4
143,10,5
143,11,5
143,27,4
143,21,4
143,24,5
143,2,5
143,26,4
143,8,2
136,4983,4
115,1411,4
115,3210,3
142,268,5
115,5237,3
115,118,3
115,410,3
115,10,4
115,1365,5
115,125,4
136,523,4
142,323,5
142,2079,4
142,7579,3
142,6156,4
142,3504,4
142,1005,4
142,941,4
142,6889,5
142,2440,5
142,6364,4
142,820,5
137,353,5
142,94,5
142,45,3
142,249,5
137,24,4
142,587,4
137,21,4
137,27,4
137,23,3
142,177,5
142,301,2
142,9921,5
142,1250,5
142,284,4
142,867,4
137,358,3
142,3551,4
142,658,5
142,65,5
142,113,5
136,2339,4
136,6382,3
136,1642,4
128,2284,3
128,4755,5
125,4,4
115,29,4
115,50,3
122,8878,3
63,4068,3
128,430,5
128,2897,5
128,5035,4
70,7277,3
136,4942,5
136,948,3
142,701,4
136,115,4
142,943,4
142,372,3
142,101,4
142,344,4
142,495,4
142,550,5
142,1133,4
142,325,4
142,476,4
142,115,5
142,1312,5
142,8,5
142,5,5
142,4,5
142,13,5
142,10,3
142,55,5
142,33,3
142,483,5
142,92,4
142,620,4
149,426,3
149,576,5
149,198,5
149,1312,2
149,283,5
149,2770,3
149,405,5
149,1704,4
149,65,5
149,3600,4
149,2172,4
149,9972,3
149,2552,4
149,1676,4
149,5330,4
149,3202,4
149,5145,5
149,8103,4
149,8154,5
149,7886,3
149,6891,4
149,6407,4
149,2239,4
149,2947,4
149,4215,5
149,4891,5
149,4941,5
149,789,5
149,432,5
149,70,5
149,492,3
149,398,5
149,662,3
149,33,4
149,26,3
149,297,4
149,1074,3
149,3133,3
149,4517,5
149,9790,5
149,1283,4
149,2747,5
149,13,5
149,14,5
149,11,1
149,8,5
149,5,3
149,4,5
149,10,2
149,58,4
149,32,5
149,35,5
149,45,3
149,80,4
149,28,5
149,233,5
149,287,3
149,150,5
149,9,4
149,113,5
149,94,5
78,439,3
78,7398,3
149,838,2
149,4578,3
149,4460,4
149,5536,4
149,1431,4
149,8484,4
149,1809,4
149,1380,4
149,322,4
149,3055,4
149,3521,3
149,766,4
149,1895,4
149,167,3
149,2937,5
149,5101,5
136,8471,5
149,217,4
149,316,5
63,606,3
63,1847,3
63,8152,3
63,35,3
63,2521,3
63,4531,4
136,887,5
63,8882,4
63,213,4
63,614,4
136,2053,5
136,456,5
136,1186,4
136,6932,5
136,3808,5
136,181,4
136,715,5
151,119,3
151,883,2
151,572,5
151,2561,4
151,335,4
151,6829,4
151,410,5
115,454,1
115,793,3
125,29,4
125,48,4
125,125,4
143,1144,5
143,1928,5
143,426,2
143,100,3
143,301,3
143,325,5
117,653,1
117,4862,4
117,699,1
117,125,5
117,8336,5
117,1113,3
117,8946,5
63,3913,4
63,43,3
89,95,4
89,33,3
89,6361,5
114,35,3
143,476,4
143,457,4
143,57,3
143,1547,2
143,258,4
142,127,4
142,3657,5
142,162,5
142,1205,5
142,58,4
142,9647,4
114,1088,3
114,2197,4
114,559,3
114,2600,3
156,550,4
156,653,5
156,92,4
156,127,5
156,211,4
156,4699,4
156,9794,4
156,3889,5
156,119,4
156,572,5
156,883,4
156,11,4
156,4510,3
156,516,4
156,570,3
8,2781,4
8,1364,4
130,3643,5
130,495,5
130,238,5
130,1856,5
130,1102,5
130,8,4
130,78,2
130,1025,4
130,1365,4
158,27,5
158,23,5
158,476,5
158,8,3
158,26,3
158,13,4
158,4,4
158,14,4
158,18,5
158,10,3
158,65,3
158,58,3
158,32,4
158,599,5
158,751,5
158,1727,5
158,1014,5
158,1042,4
158,5072,5
158,54,5
158,337,5
158,1332,5
158,367,5
158,4124,5
158,3065,3
158,6833,3
158,7047,4
158,1709,5
158,6073,4
158,5775,4
158,3921,4
158,5945,4
158,2009,5
158,609,5
158,612,4
158,953,4
158,232,4
158,936,4
158,806,4
158,176,3
158,168,3
158,1053,4
158,243,5
158,349,3
158,1261,4
158,72,5
158,1498,3
158,305,5
158,703,4
158,237,4
158,944,4
158,488,5
158,818,2
158,556,3
158,2352,3
158,578,4
158,1987,5
158,1139,4
158,739,5
158,725,3
158,915,5
158,705,4
158,2155,4
158,553,5
158,1075,5
158,1248,3
158,5903,3
158,865,2
158,1208,3
158,205,4
158,696,5
158,898,4
158,1533,4
158,6665,2
158,2347,4
158,3340,4
158,7260,3
158,1993,4
158,4251,3
158,1217,3
158,1633,3
158,2604,4
158,3477,4
158,8539,4
158,5290,4
158,4271,5
158,229,5
158,358,2
158,391,3
158,3047,2
158,364,4
158,976,5
158,3274,2
158,251,3
158,798,2
158,2512,2
158,5446,3
158,7,5
158,19,4
158,155,4
158,161,4
158,611,4
158,245,4
63,13,3
115,3613,4
122,14,4
122,80,4
86,478,3
94,8946,5
115,479,3
115,439,3
115,341,4
115,2544,4
115,1380,4
90,1847,3
143,255,5
143,2089,2
143,265,3
126,1154,4
158,373,4
158,158,4
158,184,4
158,335,4
158,8857,4
158,416,4
158,2701,4
158,90,4
158,339,4
158,28,5
158,154,5
158,29,4
158,125,4
158,353,3
158,248,4
158,714,3
158,530,3
158,770,3
158,804,5
158,839,4
158,1885,4
158,773,4
158,855,4
158,5540,4
158,646,4
158,531,5
158,618,3
158,514,4
158,2553,4
158,8906,5
158,529,4
158,1521,4
158,824,5
158,439,3
158,130,4
158,545,4
158,601,4
158,3398,4
125,341,4
125,479,3
125,728,4
125,4090,5
125,916,3
66,5730,2
89,4,4
89,557,3
25,9664,5
89,5,4
89,1664,4
89,173,3
164,94,5
164,181,5
164,11,5
78,5730,3
78,1999,3
78,6787,3
78,4270,3
78,6011,2
115,76,4
36,4,5
36,35,5
36,272,4
36,150,4
36,9021,1
36,122,4
36,2192,2
36,662,4
36,426,4
115,87,5
36,828,4
36,2451,3
158,2666,2
158,2242,3
158,628,4
158,288,5
158,1643,4
158,785,4
158,93,5
22,4731,4
22,7630,5
115,83,4
108,150,5
108,119,2
108,430,4
108,6726,3
108,2827,5
108,6276,2
108,3533,4
108,9866,4
108,9628,3
108,6533,3
108,1100,5
108,10,4
108,451,4
108,230,5
108,471,5
108,76,4
108,325,3
136,3913,5
136,2584,3
136,7997,4
136,9642,3
136,2729,4
136,1329,5
136,194,5
136,3597,3
136,4972,3
136,6892,5
136,7008,5
136,3676,4
136,9648,3
136,4763,2
136,9689,4
136,7227,5
136,977,5
136,6018,5
136,3598,3
136,6438,4
66,709,1
66,4602,2
167,1877,4
167,691,4
167,9998,3
167,8687,4
167,3109,4
167,7501,3
167,5244,3
167,109,5
167,95,4
167,180,4
66,4284,2
167,354,2
167,26,1
167,741,1
167,496,3
167,959,3
167,289,5
167,595,3
167,1681,2
167,79,5
66,9754,2
167,1411,4
167,87,5
167,59,4
167,3106,5
167,3400,4
167,4983,4
66,3643,2
167,4475,5
66,138,5
66,899,1
66,6070,4
167,2027,3
167,8361,4
167,2193,3
167,3417,4
167,1843,4
167,2810,3
167,48,4
167,317,3
167,2508,3
167,1133,4
167,4455,3
167,2666,4
167,4383,3
167,225,4
167,3197,4
167,1305,4
167,1518,4
167,129,3
167,350,4
167,2240,3
167,1622,4
167,487,3
167,9773,4
167,501,4
122,3590,3
122,1135,3
122,2023,3
122,5551,3
122,4336,2
169,44,2
169,5,5
169,8,5
169,4,5
173,14,4
173,782,4
173,531,3
173,763,4
173,646,3
173,26,5
173,410,3
173,114,5
173,132,3
173,2076,2
173,63,3
173,162,4
173,301,1
173,383,2
173,4016,3
136,427,5
136,739,3
164,217,5
173,138,3
173,130,4
173,90,4
173,35,5
169,14,4
169,33,4
169,55,4
169,115,4
169,94,5
169,58,4
169,45,5
169,80,5
169,28,5
169,323,5
169,38,4
169,66,4
169,2015,3
169,2601,3
169,699,3
169,238,3
169,122,3
169,212,5
169,546,4
169,172,4
167,3320,5
169,304,4
167,7436,3
169,426,4
169,181,4
169,284,4
169,658,4
169,109,4
169,178,4
169,95,4
169,395,4
169,1676,4
169,1168,4
169,8519,3
169,131,4
167,8625,3
167,5378,3
167,3676,2
167,1365,4
167,7836,3
167,4865,3
167,1999,4
167,7769,3
174,737,4
167,1650,4
167,1797,3
174,1597,5
167,371,4
167,1435,4
174,249,5
167,78,1
167,868,5
167,497,3
167,576,3
167,4994,4
167,763,2
167,512,4
167,729,2
175,2632,3
167,1364,3
167,934,3
167,9255,4
167,478,3
167,388,4
167,2385,4
167,9019,2
167,1005,3
175,3048,3
136,3590,4
136,3916,5
136,94,5
136,410,4
115,2266,4
115,5571,3
114,8336,5
136,4220,5
136,1312,5
136,162,4
136,3523,4
136,4561,3
136,171,3
174,4614,3
174,494,5
174,867,4
174,81,4
174,5238,4
174,199,4
174,101,5
115,317,3
115,1691,3
169,570,4
169,561,4
169,883,3
169,248,4
169,7,4
169,43,4
169,93,5
177,2,3
177,24,3
177,21,3
177,27,3
177,23,3
177,18,3
169,180,5
177,1184,4
169,2097,4
177,178,4
177,395,3
169,1544,5
177,401,3
177,1031,4
169,213,5
177,8,4
177,709,4
169,125,5
169,179,4
177,4793,4
177,57,3
177,7239,4
169,427,4
177,225,4
169,10,5
169,1885,5
177,55,4
169,669,3
169,4108,5
169,2975,5
169,3600,5
177,372,4
167,2931,4
177,2897,4
177,4418,4
177,8045,4
177,101,4
177,516,4
167,4974,5
167,8,5
167,14,3
167,7309,4
167,6119,5
167,80,5
167,2355,3
177,228,2
177,7916,3
177,1644,4
177,316,4
177,1976,4
177,998,5
177,75,3
175,2926,5
175,1299,4
175,2025,3
175,1503,3
175,132,3
175,1370,5
175,1102,3
175,238,4
66,233,4
66,4068,3
66,8336,5
66,209,3
66,180,5
66,8878,2
66,4862,5
176,62,5
176,94,5
173,101,4
176,1206,3
176,1506,4
180,11,4
180,982,4
180,6496,3
180,274,5
180,6259,2
180,8150,2
180,27,4
180,21,4
180,2,4
180,24,5
180,18,5
180,189,5
180,8,5
180,350,4
180,1844,3
180,6400,5
180,36,3
180,3906,3
180,1138,2
180,8608,3
180,6174,2
180,7158,2
180,7053,2
180,8431,2
177,33,4
177,1272,3
177,84,3
136,1411,4
136,8309,5
136,426,5
136,709,5
112,8662,5
112,779,5
112,5448,5
112,1055,5
112,119,5
112,572,3
112,2561,4
112,6675,3
112,574,4
112,82,3
112,5734,3
112,405,4
112,1145,4
112,9178,4
112,238,4
112,60,4
112,937,5
112,6389,4
112,2188,4
136,736,5
180,101,4
180,28,5
180,2475,4
180,386,4
178,3352,3
178,7333,4
180,200,3
178,1438,1
66,7639,5
177,93,5
177,245,4
167,7874,3
116,3092,4
89,90,4
89,3011,2
100,109,3
167,7407,3
100,184,4
167,6892,4
136,7231,5
100,2190,4
100,6822,2
100,154,4
100,353,3
178,984,5
178,6629,5
178,119,4
178,7,4
178,4861,3
125,1691,4
183,33,3
171,4763,3
171,9563,4
171,337,4
171,80,5
171,3342,5
171,162,4
171,4584,5
171,2798,4
171,2875,4
171,9303,4
183,550,5
183,3092,4
183,430,4
183,380,4
183,249,5
171,4004,4
171,4672,5
171,3139,5
171,592,5
171,357,4
171,590,4
171,83,4
171,160,5
171,361,4
171,1477,5
171,2709,5
66,4160,3
171,264,5
171,401,4
171,395,4
171,3764,4
171,236,3
171,1096,2
171,7429,4
171,819,4
184,1318,5
184,1960,5
184,5865,5
184,2344,4
184,5460,4
184,265,5
184,405,5
184,297,5
184,2098,5
184,3600,3
184,1074,5
177,321,4
177,9439,3
177,171,4
177,741,2
177,326,5
177,60,5
177,238,4
177,11,5
185,101,4
185,943,4
185,344,5
185,350,5
185,1313,4
185,587,3
185,495,4
185,1444,5
185,2362,4
185,3792,2
185,60,4
185,1500,5
185,520,5
185,430,4
185,9905,5
185,2337,3
185,426,5
185,236,4
185,113,5
185,5550,3
185,9714,4
185,767,4
185,5294,5
185,4369,3
185,3033,4
185,6944,3
185,1570,4
185,13,5
185,3964,4
185,1048,4
171,1552,4
171,7231,4
171,2142,5
171,2366,5
171,2052,5
185,19,5
171,79,5
185,155,5
185,161,5
185,7,5
171,408,3
171,4597,4
171,1239,4
171,1691,3
171,129,4
171,8390,5
171,7606,5
171,3535,5
171,5754,5
171,4336,5
177,136,3
187,8,5
187,2,5
187,24,5
187,26,3
187,21,5
187,27,5
187,18,5
187,101,5
187,33,5
187,58,3
187,32,4
187,198,5
115,7333,4
187,8084,4
187,2062,5
187,381,5
187,436,1
187,25,5
187,38,5
137,4,2
137,1518,4
137,10,3
137,3591,5
137,493,4
137,1521,3
137,9874,4
137,296,3
137,839,3
137,248,5
137,798,4
137,157,5
137,7,4
169,354,5
169,6389,5
169,111,3
169,5792,5
169,7090,4
169,8188,4
169,476,5
169,306,3
169,1584,5
169,1580,4
169,29,4
169,1186,4
169,353,5
169,804,5
169,1210,5
169,2821,5
169,4698,5
169,133,5
169,278,5
169,160,4
183,495,4
184,92,4
184,127,3
184,287,5
184,1806,5
184,8907,3
184,426,2
184,383,5
184,398,4
184,2025,5
184,4640,5
184,2229,4
184,604,4
184,1048,5
184,5024,4
184,8692,4
184,9962,5
184,2379,3
184,22,4
184,8,5
184,5,3
184,26,3
184,33,3
184,130,2
184,264,4
171,5700,4
183,162,4
183,872,4
183,1888,4
183,2004,4
183,5274,4
183,4418,4
183,570,4
183,795,4
183,2193,3
183,101,5
183,344,4
183,372,4
183,211,3
183,895,3
171,173,3
171,181,5
171,257,4
171,1486,4
171,123,2
171,86,2
171,227,1
171,559,5
171,325,3
171,219,4
171,1706,5
171,1584,3
171,529,4
171,7579,3
171,9114,5
171,3457,5
171,8337,3
171,595,3
171,4399,2
115,579,4
66,5009,2
66,213,2
66,130,4
66,3398,5
66,24,2
66,3519,5
115,6629,1
115,595,3
115,6664,5
115,7868,2
115,4085,2
171,9978,4
171,6524,5
171,8471,5
171,7210,4
171,3451,3
171,1739,3
171,255,3
171,903,2
171,4298,2
171,3523,4
171,5399,5
171,89,5
171,4684,5
171,8011,5
171,2174,4
171,366,4
189,172,5
112,494,4
112,18,4
112,2555,5
112,24,4
112,2,4
112,21,4
112,27,4
112,101,4
112,495,4
112,344,4
112,662,5
112,378,4
112,895,4
112,2967,4
112,1005,4
112,436,4
112,122,4
112,2051,5
112,2192,2
112,4788,5
112,688,4
112,57,5
112,3417,4
112,9204,4
112,181,4
112,304,5
112,508,4
112,1441,4
112,306,4
116,635,4
116,1657,5
185,704,3
185,173,4
185,398,4
185,72,5
168,268,4
168,6364,5
168,820,5
168,8716,4
168,8697,1
168,424,4
168,5088,4
168,2337,5
168,7462,3
168,9905,3
168,5911,4
168,8305,4
168,322,3
168,377,5
168,282,5
168,167,1
168,4605,5
168,6999,4
168,380,4
168,430,4
168,1703,2
168,520,4
168,3828,2
168,523,4
168,131,5
168,225,4
168,32,5
168,2004,4
168,405,3
168,65,5
168,297,5
168,3133,2
168,1314,5
168,479,4
168,2,4
168,18,5
168,24,3
168,21,3
168,27,5
168,23,4
168,493,3
168,362,5
168,3061,3
168,2781,5
168,2794,3
168,219,5
168,6620,5
168,2727,3
168,7814,2
168,2693,4
168,4726,4
168,117,5
168,10,5
168,171,5
168,8802,2
168,538,4
168,8973,4
168,1055,4
168,4468,5
168,9966,4
168,1381,3
168,3524,3
168,5347,3
168,4683,3
168,9302,4
168,522,5
168,3566,3
168,5947,2
168,4828,4
168,3869,4
168,119,4
168,883,5
168,572,5
168,1171,3
168,2062,4
168,1299,2
168,426,2
168,5556,5
168,45,5
168,3370,5
190,398,4
190,113,5
190,55,3
190,408,3
190,5,4
190,58,3
106,639,1
106,390,3
106,8210,4
106,3398,2
106,375,3
106,1178,2
106,116,1
106,2926,3
106,8555,2
106,9664,2
106,1996,2
106,547,1
106,66,3
106,699,2
106,3351,2
106,706,3
106,6772,4
106,786,3
70,708,3
184,284,5
184,1250,5
184,1571,4
184,2328,5
184,154,3
184,29,3
184,125,5
184,353,3
184,248,5
184,530,5
184,839,5
184,770,1
184,773,5
191,653,4
191,36,4
191,9191,3
191,92,3
191,13,5
191,297,5
191,9972,5
191,2620,4
191,373,4
191,7266,5
191,58,4
194,284,2
194,7377,5
194,2782,5
194,8117,5
194,9626,5
194,8880,5
194,8,2
194,4,4
194,14,3
194,10,3
194,297,5
194,2975,5
194,1704,5
194,2098,5
194,3600,5
194,3068,5
194,2552,5
194,3202,5
194,5330,5
194,7338,3
194,65,5
194,4517,5
194,1676,5
194,2172,4
194,1074,5
194,3133,3
194,405,5
194,323,5
194,3913,4
194,2926,4
194,7022,4
194,13,5
194,1146,5
194,94,5
194,1928,3
194,249,3
18,883,3
38,154,4
38,10,2
38,14,4
38,66,3
38,7151,3
38,1113,4
195,8,4
195,5,3
195,122,3
195,45,4
195,484,3
195,854,3
195,114,3
195,784,3
195,1221,3
195,92,3
195,238,3
195,1676,3
195,297,3
195,398,3
195,120,2
168,264,3
168,395,4
168,19,5
168,155,5
168,161,5
168,611,2
168,779,4
168,593,5
168,1629,4
168,1591,5
168,5661,4
168,9424,4
168,8893,4
168,1574,5
168,1544,3
187,763,5
143,9,2
143,170,3
143,354,2
143,925,4
143,308,4
143,3791,3
143,7794,4
143,3519,5
196,27,5
196,24,5
196,18,5
196,55,5
167,395,4
171,8233,5
171,2177,4
167,2304,4
167,1605,1
197,1031,2
199,100,5
199,1283,3
199,81,5
199,11,5
199,115,4
199,758,3
199,38,5
199,4,5
199,26,3
199,101,1
199,33,5
199,58,3
199,131,5
199,7733,3
199,5969,2
199,2054,3
199,1718,3
199,120,3
199,6467,4
199,2508,4
179,120,2
179,9102,3
179,241,4
179,158,4
179,373,5
179,184,4
179,8,5
179,483,2
179,101,5
179,344,4
179,372,3
179,87,4
179,77,2
179,1383,4
179,2445,3
179,2967,2
179,94,2
106,5244,3
106,4260,1
10,11,3
10,5084,2
10,883,4
10,217,4
10,103,5
10,1506,4
10,5926,2
10,495,3
10,5,5
10,4,5
10,87,5
10,212,2
10,265,5
10,33,3
10,26,3
10,516,4
10,688,2
10,325,4
10,3417,3
10,4139,3
10,10,5
10,407,5
10,83,5
10,6333,3
10,255,3
10,287,4
10,4298,5
10,15,5
10,1158,4
10,5907,4
10,160,3
10,2089,2
10,476,4
10,704,4
10,1845,4
10,172,2
10,19,5
10,155,5
10,161,5
10,63,4
10,413,4
10,3772,2
10,653,5
10,7651,4
10,233,3
10,45,5
10,426,1
10,109,3
94,413,3
10,199,4
10,298,3
10,357,4
10,37,3
94,361,2
10,35,4
10,391,5
94,1178,3
202,27,5
202,24,5
202,18,4
10,4363,4
202,325,5
202,70,5
202,760,5
94,33,3
94,18,2
179,270,3
179,1566,1
179,468,2
179,15,5
179,122,3
179,107,1
179,2985,2
179,33,3
179,316,2
179,1976,4
184,28,5
179,2738,2
184,2,4
184,24,5
184,18,5
184,23,3
179,75,3
184,32,4
184,225,3
184,271,5
184,243,4
184,176,4
184,738,5
179,238,4
184,646,3
184,219,3
184,178,5
184,1079,2
184,3090,2
184,114,4
184,129,5
203,310,3
203,207,2
203,912,3
203,996,3
203,1067,3
203,1226,4
203,1151,4
203,1181,3
203,1232,4
203,1267,4
203,1606,3
203,1390,4
203,4895,3
203,8763,3
203,2192,3
203,1748,2
203,1107,5
203,465,4
203,1993,2
203,27,4
203,21,4
203,2,5
203,24,4
203,23,4
203,8,4
203,5,4
203,26,3
203,14,2
203,10,5
203,33,3
203,58,3
203,9,4
203,130,1
203,219,4
203,9171,4
204,8,4
204,4,4
204,121,5
204,36,3
204,658,4
204,483,5
204,709,5
204,2339,5
204,887,4
204,1797,5
204,115,5
204,11,4
204,65,3
204,101,4
204,94,4
204,662,3
204,172,5
204,3638,4
205,4,5
205,14,3
205,58,5
205,116,5
205,94,5
205,233,5
205,227,3
205,1073,3
205,1477,4
205,160,4
205,83,3
205,293,5
205,59,4
205,121,4
205,131,4
15,6644,5
207,19,5
207,189,5
207,161,5
207,155,5
207,413,3
207,109,2
207,5,4
207,4,2
207,13,4
207,14,5
207,7,5
207,219,4
207,575,3
207,487,5
207,640,2
207,5343,4
207,1296,2
207,660,2
207,1592,3
207,6113,4
207,1677,4
207,9,4
207,26,3
207,170,2
207,43,2
207,63,3
207,42,3
207,1269,5
207,9217,5
207,1314,4
207,328,3
191,26,3
191,117,3
206,168,4
206,378,4
206,508,2
206,36,3
206,1785,4
206,2741,5
206,373,4
206,184,5
206,627,3
206,8578,5
206,4315,5
210,635,5
212,4,4
212,8,3
212,2,2
212,24,4
212,21,4
212,27,4
212,14,4
210,4622,5
214,485,5
214,5754,5
214,1999,4
214,264,4
214,1041,4
214,2698,5
214,162,3
214,6787,4
214,8079,3
214,1214,5
185,8814,4
185,11,4
194,113,5
194,167,5
194,1090,4
194,520,4
108,1283,4
194,820,3
194,1739,4
194,122,3
194,36,4
194,495,3
194,70,5
194,6895,4
194,587,3
194,60,3
194,867,4
194,1133,4
194,658,4
194,738,5
194,916,2
194,8951,4
194,476,3
194,245,4
194,793,4
194,400,3
194,5210,4
194,6820,4
179,595,3
108,1158,4
108,734,5
108,66,4
108,2,3
108,24,4
108,21,4
108,27,5
108,23,4
108,18,4
108,26,2
108,867,4
108,35,3
108,708,3
108,1853,3
108,63,1
108,4503,3
108,410,4
203,243,3
203,986,2
108,100,5
108,1144,4
108,860,3
203,818,3
203,705,3
108,2188,3
108,87,4
108,468,4
203,4524,2
108,778,3
203,108,5
203,955,4
203,1063,4
203,1436,4
203,411,2
203,952,4
108,1465,4
203,7997,3
203,3379,3
183,1383,5
183,113,4
203,1627,4
206,919,4
206,1133,4
206,2062,4
206,1664,5
206,8931,5
206,682,5
212,55,5
212,58,4
212,32,5
206,14,3
206,55,4
206,1530,5
206,701,5
206,5024,3
206,2747,5
206,344,4
206,2145,4
206,4316,3
206,1299,4
206,523,5
206,136,3
206,468,5
206,877,5
136,1797,3
219,1184,4
219,883,3
219,5315,4
219,101,5
219,5128,1
219,614,5
220,191,5
220,499,3
220,484,4
220,298,3
220,709,4
137,213,3
220,5808,3
220,89,4
220,4197,4
220,4369,3
220,633,2
220,357,4
220,1186,1
220,531,3
220,1096,4
220,2339,4
220,699,3
220,4510,5
220,4238,4
220,951,4
220,788,4
220,1586,4
220,167,3
223,101,5
223,115,5
223,8,5
223,4,5
223,5,4
223,26,3
220,3600,3
220,492,5
220,760,3
223,495,4
223,45,4
223,94,4
223,33,4
223,85,5
223,57,3
223,47,4
223,3504,5
223,217,4
220,344,4
223,1506,2
220,79,3
212,287,5
212,80,4
220,123,2
220,1057,2
220,86,3
220,227,2
220,84,4
220,660,3
220,1117,2
220,575,2
220,693,3
220,3797,2
220,640,3
212,5128,3
212,1908,4
212,5238,3
220,8656,3
220,3428,3
220,1927,3
212,499,4
212,718,5
212,887,5
212,191,5
212,79,5
212,1280,5
212,341,5
212,941,4
212,2947,3
212,6407,5
212,2239,5
212,6598,3
212,984,5
212,249,2
212,28,4
212,1868,4
219,7370,4
212,2052,4
212,4149,4
212,29,4
212,248,3
212,125,4
212,353,4
212,714,5
212,530,3
212,804,4
212,770,5
212,839,4
219,115,4
212,3948,5
212,3472,5
212,4942,4
212,9554,4
219,4,5
219,8,4
219,45,3
212,301,4
219,121,5
219,323,5
212,7668,3
219,233,4
219,225,3
219,130,3
212,293,3
219,1124,5
219,1676,5
212,4369,2
212,1389,2
212,951,3
212,1124,4
212,196,4
212,854,2
212,484,2
212,772,4
212,9304,3
219,484,4
219,7810,3
219,426,2
219,4004,5
219,4691,4
219,1624,4
219,3590,4
206,1402,5
206,1380,5
177,122,4
206,793,5
206,296,5
206,4862,5
206,786,4
206,278,5
206,18,4
63,7151,5
63,1113,4
115,804,4
228,4,5
228,27,4
228,21,3
228,18,4
228,65,4
228,442,5
228,3314,5
228,5707,5
228,5306,4
228,1519,5
228,1142,5
228,7003,5
228,405,3
228,321,5
228,736,4
228,113,4
228,468,4
228,158,5
228,3628,5
228,729,4
228,3246,5
228,3247,4
228,1484,4
206,7538,4
228,516,5
115,5228,2
206,669,4
228,5575,4
206,158,5
228,9739,5
206,559,3
228,400,4
228,490,4
228,1265,3
228,5019,4
206,4301,5
228,162,4
228,4605,4
228,129,5
228,2,4
228,24,2
228,14,3
228,45,4
228,23,2
228,287,2
228,9,3
228,4112,5
228,8870,5
228,6509,4
228,2536,3
228,1019,3
228,5470,4
228,503,4
228,593,5
206,621,5
228,1629,3
228,1591,2
228,119,4
228,595,4
228,4016,4
228,7,4
228,189,5
228,3739,4
228,1196,5
228,117,5
228,1530,4
228,1210,3
228,4698,1
228,388,3
228,245,5
228,62,5
228,368,5
228,480,5
206,6704,4
206,736,5
206,301,5
228,58,4
206,577,5
206,2315,4
228,116,4
206,2,3
206,2098,3
228,54,5
228,599,4
228,751,4
228,1332,5
228,1014,5
228,154,5
228,125,4
228,29,3
228,43,4
228,85,4
228,22,3
228,2315,5
228,59,4
228,118,2
228,1714,3
228,373,4
228,335,2
228,416,4
228,1938,5
228,7266,4
228,184,4
228,561,3
228,89,5
228,1552,4
228,461,3
228,9308,5
228,782,2
228,138,3
228,730,3
228,1622,4
229,4394,4
228,5,3
228,3540,3
228,5101,5
229,4431,3
228,2426,4
229,60,5
229,310,5
229,3646,4
229,6021,4
229,122,4
229,101,5
219,1421,3
206,33,4
116,772,5
116,3868,5
206,249,4
116,4330,5
116,4880,5
219,7311,4
219,238,2
219,5349,5
219,2015,1
219,899,3
219,3600,4
219,3133,5
230,26,3
230,3504,5
212,102,4
212,155,4
212,161,4
212,646,3
212,3092,3
212,7,3
212,103,4
212,824,4
212,18,4
212,1521,4
212,60,2
212,23,3
212,113,5
212,138,2
212,2680,4
212,479,3
212,7429,3
212,3930,3
212,3949,3
90,36,4
124,283,4
185,1392,4
185,4788,4
185,2,3
185,5084,4
196,321,4
232,8,4
232,5,4
232,13,4
232,14,4
232,101,3
232,65,4
232,58,4
232,426,5
232,1584,4
232,337,4
232,1042,3
232,682,4
232,2027,5
232,8079,4
232,4336,5
232,5374,3
232,5792,3
232,7810,3
232,7022,3
232,8456,4
232,2926,5
232,3560,3
232,2559,4
232,1704,3
232,2098,3
232,7338,4
232,1485,4
232,2860,4
232,130,3
232,1031,5
232,401,4
232,395,4
232,3764,4
232,7251,3
232,5704,3
232,1299,3
232,1503,4
232,2025,3
232,2274,4
232,3428,3
232,4872,2
232,592,4
232,4015,3
232,476,4
232,325,5
232,516,4
232,2869,5
232,4640,5
232,2259,4
232,8697,3
232,3106,5
232,5273,3
232,523,4
232,948,5
232,662,5
232,378,4
232,1582,4
232,7379,4
232,3250,3
212,6808,5
212,2426,3
179,28,4
212,360,3
212,71,4
232,181,4
232,94,4
232,255,2
232,1312,3
179,55,2
202,127,4
202,650,4
202,15,3
179,503,5
179,2536,3
179,432,5
179,276,4
196,241,5
196,36,5
196,856,4
196,1290,5
232,28,4
232,95,3
232,977,4
196,4258,5
196,87,5
196,608,5
196,8,4
179,3978,3
232,4421,3
179,3232,4
66,1865,4
66,4894,5
179,741,3
233,8,4
233,172,5
233,14,3
233,608,5
233,80,5
233,43,3
233,3643,3
233,3582,5
233,524,5
233,241,3
179,1131,3
233,117,3
233,595,3
233,5,3
233,160,4
233,83,4
233,138,3
233,715,5
233,456,3
233,387,4
233,131,2
233,32,3
233,58,2
233,1691,4
233,763,5
233,2508,4
179,36,5
179,133,1
179,11,3
233,37,3
233,184,5
179,14,4
233,157,4
233,941,4
233,860,4
233,100,5
179,356,3
233,301,4
233,36,4
233,10,2
233,2190,5
233,410,4
233,3320,4
233,28,3
233,2108,3
233,179,4
233,2252,3
233,3548,2
233,29,3
233,839,4
233,824,2
233,1521,3
233,6326,5
220,1315,4
220,1199,5
233,4,4
233,48,3
233,1580,5
233,1454,2
233,42,3
220,715,3
220,2024,3
42,9606,5
220,3960,3
207,6732,4
207,453,4
207,557,5
207,335,5
207,367,5
207,799,3
207,2213,4
207,2009,4
207,1719,2
207,1709,3
207,3065,4
207,6073,2
207,6833,3
207,5558,3
207,5775,5
207,7047,3
207,2862,3
207,5795,4
207,4085,3
207,3924,3
207,8093,3
207,5304,4
207,611,3
207,731,4
229,741,5
212,967,3
229,44,2
229,686,2
229,11,4
237,468,5
237,219,5
237,11,5
237,5,5
237,4,5
237,8,5
237,2,4
237,24,4
237,21,4
237,27,4
237,58,4
237,23,5
237,18,5
237,65,3
237,55,5
237,45,5
237,483,3
237,121,4
237,233,5
237,662,4
237,130,3
237,225,3
237,115,3
237,378,5
237,1856,4
237,238,3
237,317,5
237,741,2
237,354,3
237,326,5
237,122,4
237,6885,2
229,228,3
229,691,4
229,662,5
229,378,4
229,304,4
229,306,4
229,1748,3
229,1107,3
229,78,3
239,316,5
239,2926,4
239,3913,4
239,7810,4
239,323,5
239,3342,4
239,162,4
239,121,5
239,516,5
239,35,2
239,6600,4
239,2193,2
239,60,2
239,344,3
239,38,3
239,662,4
239,11,4
239,36,3
239,150,3
239,66,4
239,378,4
240,27,5
240,21,5
240,2,5
240,24,5
240,18,5
240,23,5
240,238,4
240,5,4
240,4,4
240,10,5
232,4103,5
232,301,5
137,65,5
229,24,5
229,2,4
229,26,4
229,27,4
229,21,4
229,23,4
229,18,4
137,8891,2
229,9513,1
137,1277,4
229,38,3
137,9839,3
232,257,3
232,664,3
232,173,4
232,80,4
232,1265,5
232,490,5
116,4139,5
116,3425,5
230,10,5
230,11,5
230,38,5
232,570,4
229,179,4
229,3966,3
229,2252,4
229,75,3
195,68,4
194,538,4
194,1315,5
194,6011,3
194,5911,4
194,7462,4
194,2337,3
220,495,3
233,71,3
233,1094,4
176,1113,3
206,405,5
206,2508,5
206,5294,5
206,71,3
206,587,5
206,45,3
206,6274,5
206,297,5
206,1676,4
206,782,5
206,3237,5
245,743,5
245,378,4
245,1158,5
245,9407,4
245,321,5
245,6029,4
245,5252,4
245,9132,4
245,3710,5
245,274,5
245,879,4
116,1993,2
116,1633,3
116,1217,3
116,1533,2
116,3128,1
116,2604,3
116,4579,3
116,5293,2
116,2347,3
116,696,2
116,205,3
116,898,2
116,8269,1
116,2285,4
116,2453,4
116,2269,4
116,1593,4
116,176,3
116,168,4
116,1261,3
116,967,3
116,1075,2
116,705,2
116,4078,4
116,9268,4
240,273,5
240,3585,3
240,122,5
240,181,5
240,664,5
240,383,5
240,2379,5
240,6579,4
240,504,5
240,225,5
240,57,4
116,25,4
240,43,5
240,326,5
240,150,5
240,1184,5
240,2053,5
116,7,4
116,19,4
116,155,4
116,161,4
240,3997,5
116,37,4
116,3063,5
116,4650,5
116,3826,5
116,4534,5
116,5463,5
240,9617,5
240,7654,5
240,8680,5
240,4287,5
240,5691,5
240,8552,5
116,593,3
116,3403,3
240,66,5
240,2302,3
116,36,4
116,264,5
116,213,5
116,162,5
116,872,5
116,2024,5
116,4584,4
116,350,4
116,84,1
116,274,4
116,297,5
116,793,5
116,614,5
116,4622,5
116,3133,4
116,1676,5
116,512,3
116,1079,1
116,795,4
116,29,4
116,204,2
242,32,4
242,131,3
242,198,5
116,48,4
116,288,2
247,32,4
246,4118,3
246,1969,4
246,1096,3
116,335,4
116,675,3
246,211,3
246,8454,3
116,3237,5
116,410,5
247,60,3
247,101,5
247,943,3
247,213,4
247,2809,3
247,595,1
247,4,4
247,730,3
247,129,4
247,5,5
247,26,1
116,398,4
247,13,3
247,306,5
247,284,5
137,1312,2
116,2252,3
116,179,4
247,65,5
247,4517,3
247,405,5
247,1676,3
116,1269,3
247,11,5
212,1657,2
212,5,3
212,4525,3
212,388,4
116,3543,3
116,5420,4
116,3552,3
116,4695,5
212,5315,4
212,1544,3
116,479,4
212,232,3
137,45,5
212,1167,4
212,6896,4
212,180,3
212,177,4
212,1364,5
116,4727,3
212,431,3
116,1313,4
242,33,4
242,468,5
242,2508,4
242,3379,4
242,8570,4
137,2236,5
242,323,3
242,2259,2
242,424,3
242,171,3
246,26,2
242,779,3
242,401,2
242,5,3
116,751,5
116,599,5
242,258,5
232,122,3
232,77,3
232,2361,2
232,87,5
137,13,3
246,9,2
116,2975,5
116,2098,4
116,1704,5
116,3202,5
137,5,2
116,4517,4
116,65,5
116,405,5
116,765,5
116,178,3
242,669,4
116,317,5
242,24,5
242,65,3
242,297,4
242,55,4
242,121,3
242,213,3
242,1783,3
242,7997,4
242,457,4
245,2612,4
245,779,4
242,233,4
245,436,4
242,2440,1
242,4468,3
18,8692,3
246,640,2
246,575,2
246,84,4
246,323,4
246,3200,3
246,1089,3
246,2469,3
246,305,3
246,176,3
246,1270,3
246,380,5
246,3156,2
242,508,4
242,42,5
242,29,4
242,103,4
248,559,4
248,1088,4
248,43,5
248,7794,4
248,3703,4
248,2079,4
246,503,4
248,2559,4
250,133,5
250,1210,5
248,916,3
248,264,5
250,80,5
248,395,4
250,75,5
248,401,4
250,1457,4
250,24,4
250,21,4
250,27,5
250,18,3
250,101,4
250,14,3
250,32,4
250,265,5
248,718,4
250,36,5
248,35,3
248,115,4
242,560,3
242,248,4
242,1949,3
242,959,3
242,19,5
242,341,5
242,109,5
242,15,3
242,479,2
242,530,5
248,304,5
253,113,4
253,65,3
253,8,4
253,4,5
253,5,4
253,2,3
253,24,3
253,26,2
253,21,4
253,13,4
253,27,4
253,18,5
253,10,3
253,55,4
253,33,4
253,58,3
253,32,4
179,7,1
18,2747,3
18,546,3
18,733,3
18,476,3
18,919,3
18,1133,4
18,1176,3
18,5123,3
18,8446,3
18,5777,3
18,289,4
18,7,5
18,2298,3
18,1096,4
248,238,4
248,306,4
248,281,4
248,86,4
89,301,4
89,5540,4
89,8083,4
89,2860,4
255,113,5
246,114,3
237,26,2
237,7266,4
237,113,4
237,89,5
237,3656,1
237,401,5
237,22,3
237,228,3
237,758,5
237,2671,4
237,118,4
237,383,2
237,416,3
237,36,3
237,108,2
237,955,2
237,1063,2
237,709,5
237,777,2
237,33,3
237,184,3
237,133,4
237,101,4
237,64,3
237,1149,2
176,24,4
176,2,4
176,21,4
176,18,4
176,27,4
142,3597,5
142,3856,4
142,795,3
142,570,5
142,2193,4
62,718,4
256,2136,3
256,11,4
256,687,5
56,2284,3
56,304,4
177,1570,4
56,1692,4
257,1055,5
257,2440,3
257,4468,3
257,8973,4
257,9966,4
257,225,5
257,131,4
257,1161,3
257,2004,3
257,2601,2
257,3079,4
257,3387,3
257,181,5
257,664,4
257,2051,5
257,233,5
257,94,4
257,5699,2
257,172,4
257,498,5
257,485,5
257,177,2
257,4104,3
257,779,5
257,2612,3
257,1312,4
257,4220,5
257,121,4
257,590,5
257,653,4
257,516,5
257,6752,4
257,43,3
257,2846,2
257,101,4
257,344,4
257,1923,4
247,1566,3
247,715,4
247,401,4
247,264,5
247,372,5
247,148,4
247,456,5
247,1186,4
247,958,5
247,297,5
247,1797,4
247,38,1
247,516,5
247,217,4
247,94,5
247,587,4
247,122,4
247,45,4
247,212,5
247,33,2
247,225,4
247,899,5
247,131,5
247,1005,4
247,426,2
247,119,4
247,4551,5
247,1202,4
247,89,5
247,688,4
247,82,5
247,5386,4
247,8802,3
247,6299,2
247,538,3
247,4602,3
247,5527,4
247,828,5
247,1683,3
247,4620,4
247,181,4
247,1664,5
247,701,5
247,468,4
247,282,3
247,304,5
247,43,5
247,22,4
247,8,1
247,457,2
247,3070,2
247,704,5
247,1552,4
247,7418,3
247,5885,4
247,1313,5
220,478,3
258,8,5
258,10,2
258,115,5
258,4,4
258,101,3
258,33,4
258,58,3
258,11,4
258,32,4
258,5,5
258,55,3
258,26,3
258,5969,4
258,948,5
258,1892,5
258,5468,2
258,758,2
258,217,4
258,8703,5
258,121,4
258,941,5
258,4081,5
258,1843,5
258,741,5
258,9,4
258,690,5
258,1051,5
258,1639,5
247,2729,5
63,6160,4
247,3856,4
247,272,4
247,557,4
63,8336,4
63,66,3
247,974,5
247,762,4
63,1206,3
63,629,2
63,1506,3
247,3425,4
247,495,4
247,959,5
247,1135,5
247,8212,4
247,901,3
247,982,5
247,1102,3
247,4842,2
247,733,3
247,8276,4
247,238,5
247,1923,3
247,400,3
247,3916,5
247,2103,4
247,397,2
247,198,5
247,410,4
247,233,5
247,138,5
247,3600,3
247,6496,3
247,881,4
247,2304,4
257,65,4
257,405,4
257,297,3
257,3600,2
257,3068,3
257,3133,2
257,3581,3
257,1797,4
257,1135,3
257,4939,3
257,3020,4
257,614,3
257,301,3
257,6999,3
257,4983,3
257,284,3
257,1250,3
257,354,3
257,5700,4
257,8127,4
257,662,5
257,378,4
257,2097,5
257,180,4
257,1015,3
257,3085,4
257,5404,3
257,8,3
257,483,3
257,709,4
257,323,3
257,7810,4
257,35,3
257,162,3
257,872,3
257,887,1
257,718,2
176,2027,4
176,5244,4
176,2698,5
171,479,5
171,3482,5
238,8882,5
238,3590,5
238,213,4
77,8588,4
77,2257,5
77,529,3
77,7151,5
77,7639,2
77,5244,4
77,3764,4
77,597,4
77,1113,5
77,103,2
77,125,5
77,58,3
77,116,2
77,1135,2
77,4068,1
162,1825,4
162,490,5
162,1265,5
162,501,5
162,4027,4
162,321,4
162,386,3
162,8714,3
253,550,4
162,245,3
162,1742,4
253,1005,5
162,1038,4
162,2032,3
162,1639,1
162,461,1
162,604,2
162,1061,3
162,767,5
162,93,3
162,540,3
162,101,3
162,85,2
162,1552,1
162,50,3
162,278,3
162,356,1
263,6242,4
263,11,3
263,4772,5
263,5313,5
263,6148,1
263,3366,4
263,521,4
263,4025,5
263,2754,5
263,3198,5
263,2574,5
263,3280,5
263,2497,5
263,3982,5
162,102,2
263,8,5
162,969,2
263,4,5
263,26,2
263,13,5
263,101,5
263,471,3
263,76,5
263,171,5
263,65,5
263,33,3
263,55,4
263,58,5
263,32,5
263,115,5
263,60,4
263,35,3
263,495,5
263,45,5
162,863,5
162,120,4
162,1718,3
162,228,4
162,2544,2
162,42,1
162,3197,4
245,238,2
264,10,4
264,33,4
264,11,5
264,32,3
264,130,4
264,233,4
264,80,5
264,27,3
264,13,3
264,24,3
264,162,3
264,4862,3
264,478,2
264,653,3
264,592,4
264,35,3
264,8336,3
264,29,4
264,154,4
264,353,4
264,530,4
264,714,5
264,804,4
264,1885,4
264,248,5
264,6530,4
264,6417,4
264,6692,4
265,100,5
265,378,5
265,653,3
265,1796,2
265,3156,3
265,867,4
265,1928,4
265,33,4
265,115,5
265,60,4
265,70,4
265,150,5
257,63,3
257,1908,2
257,5101,4
257,1672,2
257,255,4
257,495,2
257,14,4
257,13,2
257,87,4
257,2709,3
257,60,5
246,1205,5
162,5,3
162,79,3
162,341,1
162,213,5
207,138,3
207,79,1
207,29,5
207,116,3
207,48,5
207,387,3
207,650,3
207,390,4
207,117,5
207,87,3
207,178,5
207,2023,4
207,1196,3
207,221,5
207,693,3
207,5211,4
207,1083,3
207,22,5
207,114,3
207,132,5
207,784,2
207,410,3
207,402,4
207,2468,3
207,1706,5
207,5394,3
207,11,3
207,1096,2
207,7372,3
207,7292,2
207,1035,2
207,356,3
207,873,3
207,1977,4
207,1225,3
207,1163,3
207,1289,3
207,1233,3
207,1827,3
207,1033,3
207,1549,3
207,1476,3
207,1774,3
207,1975,3
207,2425,4
207,3896,3
207,1495,4
207,2746,2
207,50,3
207,786,2
207,1383,3
207,2597,4
207,7468,3
207,357,4
207,213,4
264,935,5
264,375,4
63,172,3
63,709,4
63,162,4
155,765,3
264,1178,4
264,84,3
264,95,4
264,8455,3
264,1835,5
264,9473,4
264,85,3
264,133,5
264,5327,2
264,361,3
269,10,4
269,3237,4
269,408,5
269,115,3
269,4,4
269,76,3
269,60,3
269,919,4
269,11,3
248,895,3
248,22,4
228,743,5
228,493,3
101,8412,5
242,795,3
242,934,4
242,765,5
242,597,5
242,8538,5
274,597,5
274,160,4
274,1477,5
274,3708,4
274,561,4
274,217,4
274,265,4
274,121,5
271,150,5
274,840,4
274,173,5
274,637,5
274,1641,5
274,3127,5
274,1980,5
242,4640,4
274,48,5
274,72,4
274,272,5
274,557,3
242,1458,4
274,982,5
274,6496,4
274,211,3
274,33,4
28,6195,3
274,13,5
274,55,5
274,301,5
274,213,5
274,614,5
274,4939,5
274,1530,5
274,117,5
274,6615,5
274,718,5
274,3388,5
274,2314,5
274,230,5
274,10,5
274,76,5
242,6567,5
112,1068,4
242,8779,3
112,3370,4
242,7965,3
112,557,3
112,9111,5
242,95,4
242,1005,3
242,71,3
242,97,3
276,663,4
276,11,4
276,122,3
276,5101,4
276,701,5
242,576,5
242,3342,3
242,162,5
242,1624,3
242,5785,5
242,7812,3
278,3070,3
278,3025,3
124,92,4
124,1938,3
124,60,4
21,6160,4
21,483,2
21,2716,3
21,715,3
21,4068,4
21,311,3
242,1094,3
242,3585,3
21,95,3
21,8,3
21,278,3
21,35,4
21,1206,3
21,629,4
21,1663,3
21,2902,3
21,786,3
21,8455,3
21,8336,3
21,7499,4
21,878,4
21,114,4
21,29,3
21,125,4
21,714,4
21,42,3
21,26,3
21,315,2
21,6772,4
21,606,4
21,1847,4
21,8946,4
21,18,4
21,2,4
21,21,4
21,27,4
242,635,5
242,6070,3
242,1421,1
242,380,2
21,4197,4
242,5051,5
206,50,5
206,8080,4
206,198,5
206,335,5
21,3377,4
21,879,3
21,5865,3
247,424,4
21,6070,4
21,653,3
21,94,1
194,5076,4
18,2015,2
42,162,3
176,592,5
176,13,4
176,180,4
176,6160,5
176,109,5
176,5318,4
176,2097,3
176,8336,4
176,4862,5
176,1663,5
176,85,4
176,8455,4
77,709,3
21,699,3
21,706,3
21,3351,3
21,10,4
128,407,4
247,2129,4
283,57,5
247,4250,5
283,150,5
283,306,5
283,6285,5
247,1485,4
247,1176,5
283,238,4
283,1853,3
247,768,3
247,64,4
247,908,3
247,1149,3
247,616,3
247,2991,3
283,60,3
247,1685,4
247,625,4
247,5216,4
247,9102,4
247,4898,4
247,186,5
247,1501,3
247,700,2
247,2710,4
247,4971,3
247,2,4
247,24,4
247,21,4
247,27,3
247,18,4
247,23,2
247,646,4
247,5294,4
247,9533,4
247,3643,5
206,2809,5
285,1055,4
285,2624,3
285,5100,3
285,9758,4
285,5055,4
114,8882,5
78,718,2
78,80,2
276,941,4
276,83,5
276,4,5
276,879,4
276,66,2
276,233,4
276,26,3
276,13,3
276,10,5
276,35,5
276,19,4
276,155,4
276,161,4
276,5068,4
21,9858,4
21,160,2
21,3676,2
21,7639,4
256,3570,5
256,3349,5
256,2,3
256,23,4
256,18,4
256,24,5
256,21,3
256,27,5
256,270,4
256,1269,5
256,9217,4
256,26,4
256,9,4
256,1311,3
256,457,4
286,33,4
286,11,5
286,100,5
286,26,2
256,6064,5
286,4527,5
256,22,4
256,1083,3
286,212,4
286,1987,4
286,4639,2
256,5101,5
286,356,1
286,703,3
286,3237,4
286,860,2
286,4793,3
286,407,1
286,178,1
286,354,4
286,1386,4
286,1675,3
286,5930,5
286,3688,3
286,2644,3
286,237,5
286,609,4
286,578,4
286,1185,4
256,2601,3
286,3479,4
286,5568,2
286,3308,3
242,94,5
279,7106,5
279,6242,3
279,4016,3
131,4284,4
287,237,4
287,349,4
287,739,5
287,670,5
287,72,4
287,1123,5
287,556,3
287,818,2
287,1075,2
287,2513,5
287,168,3
287,1208,5
287,675,3
287,1248,5
287,488,4
287,1139,3
287,305,3
287,865,5
287,6559,5
287,6865,5
287,5999,5
131,1835,3
131,22,1
287,89,5
287,101,5
287,344,5
131,9858,4
131,8336,2
287,1923,5
287,372,5
131,116,4
131,1178,5
179,1283,5
179,45,4
179,57,4
203,1936,3
203,325,3
203,704,3
284,361,4
284,1117,5
284,3797,4
284,84,5
203,1573,2
289,7506,4
289,5232,5
289,1686,5
289,9195,4
289,6551,4
289,7170,4
289,3758,4
289,6002,4
289,4078,4
289,8832,4
289,189,4
289,7,4
220,2426,3
220,532,3
220,568,4
264,7639,5
264,1755,3
77,8079,5
155,7810,4
206,5627,5
243,779,5
243,71,3
243,1662,3
243,2741,3
243,436,4
243,160,3
243,113,4
243,855,5
243,736,5
243,5,3
243,28,2
243,94,5
243,35,2
243,653,4
243,5983,5
243,233,5
243,335,3
243,373,4
243,7266,4
256,75,4
256,1457,2
256,916,3
256,9554,3
256,76,3
243,213,3
243,8025,3
243,9991,4
243,733,4
243,410,2
243,530,5
243,9566,4
243,4483,5
243,378,4
243,734,4
243,1135,4
243,872,3
243,162,4
243,846,2
243,2172,2
243,116,3
243,83,3
243,361,3
243,2967,3
243,115,5
243,2284,2
287,9722,3
287,476,5
287,2089,2
287,7143,5
243,284,1
243,92,2
243,3590,4
243,523,2
243,820,4
243,8,1
174,5918,3
174,11,5
174,499,3
174,426,5
174,127,4
174,38,4
174,230,5
174,407,4
174,122,3
174,217,5
243,3156,4
243,6726,2
243,3708,4
207,287,3
207,255,4
207,426,4
136,9864,4
256,688,4
122,709,3
207,758,2
207,205,2
207,9006,3
296,5,3
296,4,5
296,2,3
296,24,3
296,21,3
296,27,3
296,26,1
296,13,4
296,18,3
296,14,3
296,58,5
296,1217,3
296,1633,2
296,2347,2
296,7,4
296,19,4
296,155,4
296,161,4
296,4286,2
296,222,3
296,588,3
296,2789,3
296,9852,2
296,8631,3
296,2411,5
296,3772,5
296,66,5
296,7357,4
296,311,3
296,43,3
296,270,3
296,63,3
296,42,5
296,116,3
296,1184,2
296,83,3
296,361,3
296,160,3
296,204,5
297,5,4
297,10,4
297,28,4
297,736,4
297,4614,3
297,121,5
297,489,5
256,65,2
296,840,3
296,3090,2
296,975,3
296,176,2
296,243,3
296,168,3
296,72,4
296,349,4
296,305,3
296,739,4
296,865,3
296,670,3
296,1123,2
296,578,3
296,556,3
296,553,4
296,1075,3
296,1139,3
296,1987,3
296,675,3
296,1248,3
296,4642,4
296,1208,2
296,23,3
296,22,3
296,131,4
70,8079,2
278,35,2
278,26,4
278,46,4
278,11,4
278,45,4
278,273,4
278,3406,2
296,9623,4
296,2523,4
184,4795,4
89,326,3
89,2729,5
215,570,4
215,7,5
215,189,5
215,43,5
215,350,4
215,155,5
215,102,5
215,301,4
215,633,3
215,126,4
215,60,4
215,19,5
215,95,4
215,289,4
215,997,5
298,663,4
298,173,5
298,508,4
298,54,3
298,284,4
298,1124,5
298,60,5
298,4055,5
298,2053,5
298,131,5
298,1393,1
298,4391,3
155,9473,1
155,1835,3
215,3028,3
215,75,3
215,1457,3
215,2129,4
215,3520,4
215,265,4
215,490,4
215,2897,4
21,3379,2
21,24,4
21,23,4
206,2897,3
206,4418,4
296,1561,4
296,274,5
296,731,4
296,1132,2
301,1420,4
174,35,5
174,64,5
174,115,5
174,5385,3
174,40,5
301,32,3
301,13,4
174,172,5
301,14,3
174,33,4
174,60,2
174,113,5
174,378,5
174,658,3
174,372,4
174,9,2
302,13,4
174,616,2
174,150,5
302,14,5
243,538,3
296,3128,3
296,699,3
296,2506,2
296,6223,3
296,7427,3
296,4560,4
296,8334,4
296,7089,3
296,8864,4
296,8837,3
174,741,4
296,559,4
174,22,5
174,111,5
28,60,3
28,26,2
215,2051,3
215,198,4
215,1714,4
215,118,4
215,1381,2
112,3708,4
112,5274,4
112,669,4
112,8295,4
112,5198,4
112,9623,5
112,94,4
112,9990,3
112,55,3
112,5192,4
112,3243,5
112,2145,4
112,2616,5
112,400,4
112,5630,4
112,3613,4
215,8035,3
66,855,3
66,7755,2
66,1624,2
247,1161,3
247,8840,3
247,531,3
247,793,5
247,6505,4
247,219,5
247,1184,3
247,28,4
247,71,4
247,48,3
247,1785,2
247,125,5
247,436,3
247,117,5
247,829,5
247,4510,3
247,4238,5
247,8801,5
185,3675,4
207,15,3
207,1916,3
207,1825,4
207,1590,3
207,5114,4
207,4236,4
207,1497,3
206,1074,4
206,943,5
206,1503,4
206,2274,5
206,3600,5
206,372,4
311,522,5
223,354,4
223,426,3
299,18,3
300,786,3
300,85,4
300,43,3
300,662,4
110,635,3
110,154,4
110,714,3
215,282,4
215,3758,4
215,6002,4
215,6973,4
215,7170,4
215,6551,4
215,205,4
215,696,4
215,898,3
215,6665,3
215,2701,1
300,148,3
300,820,4
300,6364,2
210,1031,5
210,629,3
300,478,3
210,323,5
210,872,5
300,8456,3
210,5,5
210,5730,4
210,653,3
300,5374,3
300,4531,3
300,1663,2
300,5198,4
300,9123,4
210,498,5
300,6921,1
300,1135,3
300,5,3
299,436,5
210,162,5
210,10,3
210,483,5
210,94,5
210,32,5
210,33,4
210,2846,5
210,43,5
210,2926,4
210,7444,5
210,3377,5
210,1432,5
317,168,5
318,335,2
318,158,4
318,1258,3
318,2620,5
318,2741,3
318,1938,4
318,2123,2
303,374,5
303,1460,5
303,4079,5
303,316,5
303,709,3
303,8,5
303,483,4
303,1005,4
303,9579,3
303,3092,2
303,6895,4
303,495,5
303,3597,4
303,45,4
303,1096,3
303,211,3
303,127,4
303,2320,3
319,219,5
319,1797,4
319,371,5
319,162,4
319,400,5
215,4118,3
215,2679,2
215,436,4
215,1675,3
215,4793,3
215,407,4
215,4237,2
131,42,4
63,669,4
159,606,3
159,1847,4
159,9936,3
159,8152,3
159,125,5
159,2716,5
159,635,3
159,6160,4
159,13,4
243,3123,2
320,1528,4
320,3174,5
320,2825,5
320,3601,4
320,6492,5
320,7124,5
320,5287,5
320,167,4
320,322,5
320,666,5
320,377,4
320,282,4
320,283,5
320,8035,5
135,502,5
135,1096,3
191,179,3
207,8290,3
253,9966,3
253,45,5
238,233,3
238,323,1
38,935,2
278,417,4
203,768,4
203,596,3
203,5517,3
203,122,4
203,4317,3
203,18,5
203,1155,3
325,111,3
325,743,3
325,38,5
325,1957,3
325,258,4
325,457,3
325,11,4
325,26,4
324,1075,4
324,1139,4
324,1589,4
324,1423,4
324,725,4
324,1208,4
324,675,4
324,806,4
324,122,4
324,2192,4
324,2028,4
324,4317,3
324,1498,4
324,9432,5
324,1938,4
324,1725,4
324,116,4
324,94,2
324,233,5
324,264,4
324,401,4
324,7251,4
324,959,4
324,1214,4
324,1783,4
324,4106,4
324,1204,3
324,298,4
324,547,3
324,1878,3
324,699,4
324,706,4
324,63,4
324,43,4
324,361,4
324,590,3
324,3552,4
324,2732,4
324,498,2
324,879,4
324,2052,4
324,9554,4
324,6880,3
324,1432,4
324,3949,4
324,772,4
324,4330,4
320,5175,5
320,3019,5
320,2289,5
320,9270,4
320,7934,4
320,2954,5
319,829,3
319,701,3
319,301,5
299,6857,5
300,709,4
300,669,4
300,35,4
300,653,4
300,13,3
324,90,5
324,1584,4
324,6481,4
324,117,4
324,497,4
324,4277,4
301,1332,4
324,339,4
324,798,4
324,157,5
324,3047,4
324,364,4
324,358,5
324,251,4
324,5265,4
324,9803,4
324,9045,4
324,9070,5
324,1685,4
324,1149,4
324,9,4
324,905,5
324,1922,4
324,2213,4
324,1578,4
324,1719,4
324,2862,4
324,4387,4
324,4713,4
324,7123,4
324,1709,4
324,3513,4
324,2657,4
324,7080,4
324,3806,4
324,4795,4
324,851,4
324,3375,4
324,2740,4
324,3182,4
324,1801,4
324,3137,4
324,1918,4
324,4608,4
324,4101,4
324,4190,5
324,8275,5
324,9103,4
324,7238,4
324,7,4
324,1714,4
324,2938,4
324,3998,4
324,1711,4
324,249,5
28,3250,3
28,7379,4
28,1380,5
28,353,5
28,574,4
28,1421,5
28,115,3
28,57,4
28,5,3
322,9045,4
322,9803,4
322,5265,4
322,251,4
322,358,5
322,364,4
322,3047,4
322,157,5
322,798,4
322,339,4
324,3255,4
324,2415,4
324,390,4
322,233,3
324,576,4
324,71,4
324,597,4
322,9722,2
324,730,4
324,323,5
324,646,4
324,3720,4
324,560,4
324,173,5
322,516,5
324,609,3
324,92,5
324,383,4
324,4592,4
324,129,4
322,2051,4
322,1238,3
322,1319,3
322,102,4
322,2240,3
322,1707,5
322,1649,3
311,5734,5
247,948,4
247,2257,4
258,40,3
258,1936,5
258,3979,3
258,6299,3
258,2128,4
258,1145,3
258,3546,3
258,136,4
258,60,5
258,306,5
258,304,5
258,173,3
258,35,4
258,119,5
258,1552,4
258,186,5
258,1537,5
258,476,4
258,127,5
258,287,3
258,587,3
258,1859,5
324,102,5
323,27,5
66,778,4
66,109,3
66,5198,3
299,934,5
66,8792,2
22,8142,3
22,6013,4
330,653,2
330,1555,3
330,55,4
330,35,4
330,2931,3
330,977,4
330,94,3
322,7254,4
322,3016,3
322,3011,3
322,1748,3
322,777,3
322,461,3
322,5349,4
322,401,4
322,57,3
215,461,4
215,304,2
215,1133,3
215,270,4
215,994,4
215,1656,4
215,8053,4
215,5833,4
215,375,4
215,935,3
215,288,4
215,628,3
215,2242,4
28,264,5
237,9300,2
322,709,4
332,119,4
332,883,3
332,572,4
322,8504,3
322,8760,3
322,3916,4
322,3699,4
322,1580,3
322,606,2
322,2339,4
300,4475,4
300,590,3
300,6772,4
300,80,4
300,3913,4
38,9754,4
332,3837,4
332,3338,5
332,3650,5
332,100,5
332,1752,3
322,3595,4
332,45,5
322,2181,4
322,1573,3
332,24,4
332,115,3
332,1161,4
332,283,5
338,1299,5
338,383,4
338,11,5
338,658,4
233,3595,2
338,179,3
233,529,3
233,180,3
338,2252,2
233,15,2
233,133,3
233,3284,3
338,408,2
338,101,4
338,344,2
233,1586,2
338,372,2
338,117,5
233,1639,3
233,1590,3
233,560,1
233,773,3
233,826,3
340,8801,5
312,7686,5
312,44,4
312,289,5
312,994,5
312,335,5
312,158,5
312,1327,5
312,37,5
340,4238,4
155,80,2
155,2082,5
25,709,4
340,499,5
340,5238,4
340,2806,3
340,35,4
340,45,3
155,529,2
340,398,5
340,4,5
21,14,3
68,2339,3
68,8,3
68,9858,3
68,629,3
68,1506,2
68,2902,2
68,1663,2
68,6160,2
68,10,2
68,8882,3
68,50,3
68,278,3
68,5327,3
68,1410,2
68,6684,2
68,9469,2
68,4728,2
68,489,3
68,653,3
131,472,1
131,887,1
304,85,3
344,249,5
344,344,5
344,101,5
344,65,5
344,372,4
344,943,5
344,1923,5
344,2579,5
344,4,5
344,13,4
264,161,4
264,19,4
264,155,4
264,485,3
264,635,2
304,699,2
304,315,4
304,1561,4
264,8946,5
264,639,3
264,148,4
264,257,3
304,2302,4
264,1131,3
264,1996,3
304,395,3
264,3398,2
304,103,4
264,878,4
304,177,4
220,375,3
304,66,5
304,172,3
304,498,3
304,361,4
304,7022,3
304,8456,4
345,2087,2
345,1421,3
345,2193,3
345,570,4
345,903,1
345,65,4
345,1676,3
345,297,3
345,2025,5
270,2025,2
270,1503,2
345,733,4
345,3837,4
345,6675,4
345,119,3
345,1145,3
345,3472,3
345,6863,3
345,701,3
345,1084,4
345,1386,3
345,8457,3
345,3293,4
345,2124,5
345,66,3
345,9759,2
345,496,4
345,137,3
345,5969,3
345,7572,2
345,9639,2
345,409,4
345,1796,1
345,58,5
345,3504,2
345,57,3
345,2425,3
345,3896,4
345,3597,5
345,1096,4
345,372,5
345,344,5
345,101,4
345,943,4
345,176,3
345,243,3
345,1123,3
345,675,2
345,72,5
345,305,2
345,237,4
345,670,4
345,11,5
345,145,3
345,170,3
345,560,4
345,531,2
345,646,4
345,1954,3
345,7205,3
345,47,3
345,46,3
345,4510,2
345,115,4
345,484,5
345,196,5
345,5385,3
345,7970,4
345,773,3
345,38,4
345,207,2
345,546,4
345,173,3
345,121,2
345,6644,2
345,951,4
345,1124,3
345,289,5
345,113,3
345,14,3
324,2181,4
324,3595,4
345,150,5
324,461,3
324,3011,3
324,2240,3
345,111,3
345,4,4
345,55,2
345,32,4
345,60,4
345,35,4
345,28,5
345,94,4
345,100,2
345,405,3
345,225,5
345,3979,4
345,1272,3
345,238,3
345,271,4
345,8416,3
345,3250,4
175,1642,5
175,354,4
175,763,3
175,2508,3
175,6389,2
175,6934,3
175,5629,5
175,941,3
175,701,4
175,1084,4
175,1664,4
175,3210,5
175,5392,4
175,8023,3
175,101,5
175,344,3
175,372,4
175,943,4
175,916,4
270,23,3
175,115,4
175,171,4
175,451,3
175,230,4
270,9078,2
175,471,3
175,76,3
175,10,5
175,9049,4
175,899,3
175,1509,4
175,1566,5
270,278,4
270,3519,5
214,718,5
332,653,2
319,401,3
319,410,3
319,130,3
319,264,3
319,3764,5
319,225,4
319,1519,4
319,442,5
319,1142,4
319,1283,5
319,9790,4
319,3795,4
319,1937,4
319,5229,4
319,595,3
319,325,3
319,43,3
319,8788,3
319,937,5
319,80,5
319,546,4
319,103,4
319,3642,3
319,461,3
319,468,3
319,54,5
319,70,5
319,492,4
319,760,3
319,1646,3
319,1213,3
319,838,3
319,48,5
319,173,5
319,213,5
319,89,3
319,160,3
131,270,3
175,782,4
319,1476,4
131,162,4
319,1549,4
319,42,5
319,138,3
319,3002,3
319,1186,3
319,974,4
319,2047,3
319,2406,3
319,2965,3
319,3407,2
319,496,4
319,180,5
319,530,4
319,117,5
319,1530,5
319,1196,4
319,722,2
319,1023,2
319,1119,2
319,1362,3
319,1278,2
319,510,3
319,1249,2
319,330,3
319,1525,1
319,528,3
319,949,2
319,87,3
319,4016,4
319,1088,4
319,456,3
347,8,4
347,4,5
347,26,2
347,101,4
347,14,3
347,55,4
347,238,2
347,161,4
347,155,4
338,476,4
338,323,5
347,4672,4
338,2926,4
270,8055,4
347,2097,4
347,180,5
338,36,5
338,33,4
347,1015,3
338,150,5
338,820,5
270,6454,2
347,162,5
347,2024,3
338,374,4
347,194,3
347,3755,3
347,9995,4
347,138,4
347,4592,3
347,478,4
270,4079,4
338,8,4
338,483,5
338,709,5
270,2197,4
347,5524,3
270,559,3
65,160,4
65,130,5
347,3986,4
65,1364,4
65,28,5
65,87,4
65,36,5
65,154,3
65,125,4
65,29,3
65,264,4
65,1055,5
65,4468,5
65,2440,5
347,7916,3
347,271,3
65,162,5
347,872,3
347,65,4
347,405,3
347,1704,4
347,2098,3
319,413,4
347,344,3
347,7372,4
319,8750,3
319,8132,3
319,620,4
270,7187,4
270,1042,4
270,663,4
319,113,5
322,9006,3
351,943,5
351,44,1
319,126,5
351,397,4
351,3590,5
242,40,5
319,101,5
319,45,5
298,323,4
298,68,1
319,93,4
319,2959,3
319,2623,3
319,3648,3
319,2783,3
319,3177,3
319,3244,3
319,3663,3
319,4194,3
319,3536,3
298,306,2
242,2465,4
319,1528,4
319,2825,4
319,3174,4
319,3601,4
319,4571,4
319,3595,5
242,3048,2
319,1329,5
242,148,4
242,4999,4
296,289,4
296,545,4
296,6139,3
332,8681,4
332,516,4
332,2903,4
319,5301,4
296,265,4
332,1892,4
276,171,4
276,317,4
276,301,3
352,2,5
352,24,5
352,21,5
352,27,5
352,18,5
352,23,5
352,1155,3
352,217,4
352,378,4
340,78,4
352,436,4
352,325,5
352,100,4
352,22,4
352,38,5
340,196,4
352,937,5
340,629,3
352,122,3
206,1265,5
289,110,5
322,661,4
322,7372,4
322,608,4
322,9647,3
187,53,4
322,626,4
187,236,5
187,64,3
187,118,5
187,43,5
187,344,5
187,410,3
187,483,4
187,4,3
187,688,5
187,60,5
187,28,4
187,11,5
187,80,5
187,323,2
187,662,3
187,36,5
187,45,3
187,59,4
187,15,5
187,211,5
187,916,2
187,122,4
187,682,4
322,863,4
322,728,3
322,296,3
322,2597,4
322,1383,4
322,2032,3
322,1454,4
322,1447,3
322,1913,3
322,5667,3
340,1315,4
340,2540,3
340,4494,4
340,5181,4
340,5173,3
340,4574,4
340,3055,5
340,5923,5
340,5935,4
340,114,4
340,5120,5
300,7169,3
340,5906,4
340,766,4
340,32,3
340,4009,3
340,3979,1
340,315,1
340,2760,2
340,282,2
340,1430,3
340,2075,4
340,6121,5
340,5517,4
340,2278,2
340,2229,2
340,3106,3
340,8160,4
340,4106,3
340,5973,4
340,211,2
340,1586,3
340,6787,3
340,3090,5
342,457,3
131,662,3
131,114,2
131,5730,5
131,8946,5
131,6772,5
131,94,3
238,1084,4
238,131,4
304,6772,4
304,8946,5
304,270,3
304,6921,3
304,1996,3
304,529,3
270,288,3
270,102,4
270,103,4
9,217,3
9,186,1
9,766,3
42,709,5
9,178,4
270,994,4
270,1656,4
270,5658,4
270,8053,4
270,767,3
319,4806,3
356,5232,4
356,5160,3
356,9157,3
356,6330,3
356,4553,3
356,6472,3
356,1686,4
356,4799,3
356,5203,3
356,1519,4
270,576,4
356,372,4
356,101,5
356,344,5
356,1923,4
356,3138,5
356,958,5
356,740,5
270,606,2
270,879,3
270,1847,2
270,1099,3
344,211,4
344,127,5
344,1312,4
344,1005,4
344,60,4
344,3092,5
352,115,4
344,495,4
344,3598,5
344,1392,4
352,45,4
344,4672,4
352,9650,4
344,100,4
344,405,5
344,2172,4
344,1704,4
352,461,5
344,297,5
344,3068,4
344,7338,4
344,1676,4
344,1074,5
344,5330,4
344,3202,4
344,3600,4
344,2098,4
344,2552,4
344,4517,4
344,3133,4
344,1421,4
344,570,4
344,3476,4
344,1444,5
344,6320,4
344,1318,5
344,4055,5
344,3412,4
344,9961,4
344,6283,4
344,8975,3
344,6840,4
344,373,4
344,68,4
344,1239,4
344,19,5
344,155,5
344,161,5
344,7,4
344,1019,5
344,48,4
344,637,4
344,117,3
344,8,4
344,317,4
344,3808,5
344,512,4
344,6664,4
344,14,4
344,2869,5
344,3520,5
344,2865,5
344,1315,4
344,426,2
344,119,4
357,495,5
357,3092,4
270,738,4
242,901,3
242,3457,4
242,186,3
242,1501,3
286,3791,4
286,3205,3
286,967,3
286,526,1
286,925,3
286,739,4
286,1544,1
286,1075,3
286,2288,3
286,612,2
286,818,1
286,1317,3
286,4938,3
286,1589,3
286,1261,3
286,1806,2
286,6299,3
286,675,3
286,1208,3
286,2155,1
286,4387,3
286,2368,1
286,911,2
286,986,2
357,13,5
357,14,5
357,2584,5
357,879,4
357,48,4
357,55,5
357,196,4
357,1586,4
357,1218,5
357,1925,5
357,5673,3
357,4342,4
357,100,3
296,795,5
296,75,4
296,4277,3
296,4535,3
296,497,4
296,464,5
69,101,4
69,516,5
69,94,5
357,219,5
357,362,4
357,493,4
357,1106,4
357,2781,4
357,3061,4
357,3795,4
357,1937,4
357,5229,4
357,8859,4
69,550,5
69,115,4
357,6727,3
357,8,3
357,5,4
357,58,4
357,71,2
357,7,5
357,161,5
357,19,5
357,155,5
357,611,5
69,658,4
357,4976,5
69,6917,4
69,6844,5
59,66,4
69,7462,3
69,3598,3
69,1392,5
322,6535,4
59,4862,3
69,2910,2
69,194,5
69,495,4
69,3560,5
69,45,4
69,8404,5
322,618,4
322,1057,3
322,3557,4
322,963,3
322,123,3
322,281,3
322,833,3
361,6746,5
361,982,3
361,6496,2
361,658,1
361,2231,5
361,953,4
361,1053,5
361,936,4
361,237,4
361,1288,5
361,806,4
361,911,3
361,9923,5
361,243,3
361,612,4
361,675,2
361,72,5
361,865,2
361,168,5
361,1123,2
361,5903,1
361,488,5
361,305,2
361,967,3
361,1987,5
361,705,3
361,205,4
361,696,2
361,898,5
361,1217,3
361,1633,5
361,1533,3
361,2347,2
361,1993,5
361,6665,4
361,3340,3
361,3477,2
361,2604,4
361,3128,5
361,7260,5
361,4579,3
361,5290,3
361,8269,1
361,1096,4
361,731,2
361,1411,3
361,3428,4
361,1503,5
361,5051,3
361,883,2
362,23,4
362,18,4
362,24,4
362,21,4
362,27,4
362,25,4
362,115,5
362,4106,4
362,4,5
362,26,1
362,14,4
362,58,5
362,212,3
362,100,5
362,148,3
362,258,2
362,919,3
362,1365,4
362,178,5
362,1797,4
362,362,4
362,219,5
304,311,4
299,6629,3
304,639,2
304,158,5
304,958,3
304,93,3
304,80,4
304,42,3
304,4068,3
299,715,3
299,48,2
299,1727,4
299,693,5
299,487,5
131,4071,4
131,9473,2
131,130,1
300,4974,5
270,5122,4
270,2703,4
270,4078,3
243,9204,4
363,132,3
363,44,3
363,1145,1
363,5667,3
246,1239,4
243,895,3
361,265,5
361,4,4
361,5840,3
361,1214,3
361,1135,5
361,456,5
361,2380,3
361,1186,4
361,248,2
361,2671,4
175,35,4
175,948,4
175,476,4
175,325,5
175,2089,3
363,238,3
363,1547,2
175,180,4
175,410,4
175,2145,4
175,138,3
9,78,2
9,6777,3
311,3071,3
175,94,3
175,669,4
347,130,5
347,264,3
347,718,3
347,887,4
347,225,4
347,284,4
347,1571,3
357,173,2
347,1955,3
347,4510,3
347,4238,4
347,5948,3
347,495,3
347,570,4
347,795,3
347,9083,2
187,148,4
69,9645,5
284,5055,5
270,2076,3
175,75,2
69,1056,4
347,121,4
347,635,2
22,3551,3
332,32,4
332,225,5
332,561,5
332,70,4
332,337,4
332,3753,4
347,68,3
347,219,4
347,19,3
364,3479,1
364,8329,4
364,710,5
364,2465,4
364,723,5
364,765,5
364,13,3
364,33,2
364,4081,4
364,1739,2
364,1005,2
364,115,5
364,476,3
364,426,2
364,22,3
364,11,4
364,730,5
364,119,5
364,2193,2
364,57,3
364,301,3
364,410,4
364,499,3
324,6535,3
324,618,4
364,344,4
364,101,4
324,9006,3
364,122,3
324,296,4
324,1447,3
364,1107,3
364,40,3
364,50,5
364,289,1
324,3279,4
364,490,3
364,78,4
364,1430,2
364,228,3
357,499,5
357,321,4
364,108,1
357,388,5
364,199,4
364,646,1
357,6755,3
357,5455,3
364,7647,3
364,3646,3
364,1068,3
364,3504,2
347,8233,5
347,1970,2
347,5460,4
270,1222,4
270,59,4
270,15,4
155,8946,3
207,3817,5
207,855,4
207,561,5
207,6813,2
322,3279,4
362,493,5
362,587,4
362,132,1
362,1928,4
362,306,3
362,2027,4
360,4059,2
360,4117,1
360,367,2
361,349,3
361,672,3
311,2027,4
311,572,4
187,4468,5
187,3708,5
187,138,4
187,42,4
187,93,5
187,63,5
187,401,4
187,301,3
187,1566,5
187,354,1
187,7,5
187,958,5
187,1094,4
187,70,5
187,718,1
187,1714,5
187,1487,5
187,2967,5
187,495,1
187,3597,5
187,1888,5
187,82,5
187,6487,5
360,54,3
340,26,2
340,323,3
340,3569,3
340,2323,2
340,6324,2
340,5525,2
340,5423,2
340,4924,2
340,3640,1
340,2073,1
340,1755,4
340,3620,4
340,4353,2
340,6399,3
340,3029,2
340,2595,3
340,3760,2
340,9251,2
340,2129,4
340,408,2
340,184,3
340,8626,2
340,7,1
340,5207,2
340,7254,2
340,92,1
304,2521,4
155,3351,4
316,1158,4
316,899,4
316,982,3
142,211,4
155,3913,4
155,6772,4
311,70,5
361,15,4
361,179,5
361,3250,4
361,958,5
361,129,4
361,42,2
361,66,5
361,3817,5
361,95,5
361,341,3
361,118,2
361,531,5
361,7,3
361,32,4
361,9759,4
361,743,5
361,5283,5
175,121,3
175,1221,3
360,1135,3
360,113,4
360,55,3
360,24,4
360,27,3
360,21,3
175,6704,4
175,1186,4
175,48,4
175,409,4
175,3237,4
175,4455,3
175,2747,4
175,6261,4
175,1649,4
175,6383,4
175,3136,4
175,860,5
175,2188,5
175,1752,4
360,1383,4
364,8,2
364,9,2
364,378,4
364,1928,2
364,867,3
364,26,3
364,4057,5
38,162,3
38,3508,4
38,55,2
38,4068,3
243,790,1
38,2257,4
38,95,2
364,736,4
364,574,2
38,7806,5
128,417,3
364,455,3
364,4009,3
364,3656,1
364,156,4
364,7881,3
364,75,2
243,714,4
337,2240,3
337,1432,4
337,386,4
337,879,4
337,701,3
337,15,4
337,116,4
337,125,5
337,154,4
337,29,4
337,715,5
337,138,2
337,284,5
337,251,5
337,709,4
337,483,4
337,8,5
337,59,5
337,416,5
337,1725,4
337,1486,4
337,959,3
337,1222,4
337,2315,4
337,100,5
337,2188,3
337,1084,4
337,354,4
337,4597,4
337,4071,4
337,1973,4
337,13,5
337,55,5
337,659,5
337,398,5
337,1392,4
337,32,4
337,508,5
337,177,5
337,1312,4
337,75,4
337,130,2
337,271,4
337,148,3
337,123,3
337,95,4
337,160,3
337,3469,4
337,5563,4
337,2555,4
337,4047,4
337,8662,4
337,1457,3
337,391,4
337,798,5
337,157,5
337,1348,3
337,3047,3
337,4877,3
337,5265,5
337,2512,3
337,3363,5
337,5303,5
337,5446,4
337,3274,4
142,733,4
142,3590,4
360,133,5
370,168,5
370,1123,3
370,305,5
370,488,4
370,818,2
370,349,5
370,670,5
370,237,5
370,1974,5
370,6130,4
370,1963,5
370,588,5
370,2789,5
370,8631,5
370,9655,3
370,7509,3
370,7351,3
370,6589,4
370,5764,4
370,8026,4
370,1817,4
370,5201,4
370,5443,5
370,9047,3
370,4134,4
370,6619,3
370,137,5
370,554,5
370,463,5
370,864,5
370,712,5
370,1026,5
370,3091,5
370,1581,5
370,3410,4
370,9407,4
370,6333,4
370,5052,5
370,4062,5
370,1158,5
370,1858,3
370,2354,3
370,2012,4
370,4095,3
370,4813,3
370,2184,4
370,1260,4
370,2746,3
370,2398,3
370,3098,3
370,3223,4
370,3066,3
370,2547,3
370,2519,3
370,266,4
370,6728,3
370,242,4
370,3455,4
370,1746,3
370,2214,3
370,288,5
370,628,3
370,1643,3
370,2242,3
370,785,3
370,9468,3
370,8853,4
370,8824,3
370,726,5
370,8541,3
370,2890,3
370,26,4
370,9,5
370,339,5
370,722,4
370,528,4
370,1023,4
370,949,4
370,1119,4
370,510,4
370,1362,4
370,1249,4
370,481,4
370,1536,4
370,1759,4
370,1071,4
370,2219,4
370,1989,4
370,2,4
370,24,4
370,21,4
370,27,4
370,18,5
370,23,4
370,367,3
370,799,3
370,2213,3
370,5304,3
370,2862,3
370,3513,3
370,4713,3
370,8093,3
370,3804,3
370,7080,3
370,8987,3
370,5936,3
370,3818,5
370,7513,5
370,123,4
370,86,5
370,227,4
370,343,4
370,281,4
370,1388,4
370,505,4
370,4632,4
370,4548,4
370,6823,4
370,5243,4
370,5030,4
370,3614,4
370,3286,4
370,4542,4
370,3918,4
370,4289,4
370,734,5
370,311,5
370,3971,5
203,48,3
183,87,3
183,2367,4
154,2875,5
154,1055,3
154,1544,4
357,85,5
357,157,3
357,102,5
357,935,5
357,59,4
357,375,5
357,786,4
357,278,4
357,130,3
142,2465,3
243,937,4
243,3256,3
243,8611,2
303,55,4
303,3504,4
303,13,5
303,14,4
303,4004,4
303,2584,4
303,6727,4
303,3638,4
303,94,4
303,233,5
303,2419,4
303,879,5
303,6633,4
303,5404,3
303,3676,5
303,3763,4
303,131,5
303,1161,4
303,225,3
303,32,4
303,730,3
303,3079,3
303,264,3
303,395,4
303,130,3
303,401,5
303,4504,4
303,8276,5
303,2846,3
303,590,4
303,204,4
303,361,4
303,3088,3
303,5907,3
303,1477,4
303,6190,4
303,160,5
303,3715,4
303,1184,3
303,109,5
303,778,4
303,9995,3
303,172,4
303,58,5
303,116,3
131,66,2
362,2578,3
375,11,4
375,316,5
375,117,5
375,33,4
375,10,5
375,26,3
362,35,1
362,304,2
378,264,2
378,80,4
375,2651,4
375,2,5
375,24,5
375,21,3
375,27,4
375,18,3
375,45,4
375,94,5
375,23,4
375,100,5
375,9,3
375,57,3
253,529,2
253,934,3
253,321,2
253,205,4
253,284,5
253,129,5
316,479,4
316,6274,3
316,6648,4
322,6696,3
322,650,3
322,5802,4
322,3352,4
322,7418,4
296,229,4
296,138,4
296,4592,4
296,402,4
296,2468,4
296,2365,4
296,1706,4
296,194,3
296,97,4
296,1178,4
296,1622,4
296,1435,4
264,1605,2
264,270,4
264,311,4
264,219,2
361,160,5
361,83,3
361,361,3
361,590,3
361,204,4
63,9858,4
122,653,1
379,1223,5
379,5100,3
379,5470,5
379,4768,5
379,1019,5
379,6509,5
379,5676,3
379,5982,2
379,7054,3
379,9940,2
379,6800,4
379,6175,3
379,5681,3
379,3577,3
379,4514,3
379,4132,3
379,6397,5
379,9397,5
379,7476,3
379,747,4
379,2716,3
379,10,3
379,27,5
379,21,5
379,2,5
379,18,5
379,24,5
379,9048,5
379,23,5
379,65,5
379,3133,5
77,257,5
331,558,3
331,652,3
331,197,3
331,2430,3
331,631,3
331,5044,3
322,7370,4
379,2323,2
379,66,2
379,26,3
253,570,5
253,795,5
253,854,2
253,196,3
332,495,1
332,3296,5
332,620,3
332,268,4
332,6212,4
332,150,3
332,245,5
332,167,3
332,2170,3
324,3352,4
243,248,4
360,3379,3
360,468,3
18,1153,4
316,2240,3
264,699,4
264,4014,4
264,93,5
264,6354,5
264,885,5
25,9460,5
25,9008,4
25,9858,3
320,4571,4
320,4806,4
316,4081,2
316,8,3
54,64,5
68,4902,4
287,1153,4
287,4979,5
287,743,4
287,2034,4
287,4031,5
287,176,4
287,8,5
287,21,5
287,27,5
287,2051,5
287,59,4
287,102,3
287,24,5
287,65,5
287,405,4
287,48,4
287,1042,5
287,599,5
287,337,5
287,1727,5
287,54,5
287,1014,5
287,1332,5
287,7187,5
287,5072,4
287,1381,4
287,5347,5
287,3524,5
287,4683,5
287,3200,5
287,3547,5
287,755,5
287,1722,5
287,1368,5
287,894,5
287,2470,5
287,1089,5
287,4565,4
287,2043,5
287,2469,5
287,2554,5
287,3858,5
287,429,5
287,1337,5
287,2501,5
287,1342,5
287,2677,5
287,2936,3
287,1343,4
287,1768,5
287,2109,5
287,1924,5
287,2452,5
287,2658,5
287,2489,4
287,2086,5
287,2271,5
287,3359,4
287,3000,5
287,3362,5
287,2718,5
287,2944,4
287,2611,3
287,377,5
287,322,5
287,2170,5
287,282,5
287,666,5
287,5439,5
287,2674,5
187,5237,3
331,2927,4
316,378,4
316,4,4
384,741,4
384,4722,5
384,4253,5
384,4027,5
384,5263,5
384,501,5
384,3197,5
384,5929,5
384,1711,3
384,2863,4
384,6903,5
384,1078,2
385,18,5
385,27,5
385,2,5
385,38,5
385,21,5
385,5,5
385,570,4
385,2507,5
385,11,5
385,457,3
385,476,3
385,60,3
385,94,4
385,1853,3
320,6578,2
320,598,4
320,1246,4
320,2299,4
320,2382,4
320,1018,4
320,3278,4
320,1964,4
320,3298,4
320,2669,4
320,1863,5
320,2608,5
320,1857,5
320,1480,5
320,2783,4
320,3648,4
320,2959,5
320,2623,4
320,3244,5
320,3177,4
385,592,5
320,9424,5
320,8893,5
320,593,5
320,1629,5
320,5661,5
320,1591,5
387,8,4
387,24,5
387,21,5
387,26,4
387,27,5
387,18,5
387,10,5
387,33,2
387,115,1
387,238,2
320,70,5
320,53,4
320,5388,5
320,760,5
385,948,5
385,5187,3
385,1421,2
385,1503,5
385,4250,3
385,64,5
385,1149,2
385,1426,4
385,115,5
385,1544,4
28,36,5
28,8,4
28,101,5
28,113,5
28,117,4
28,4,5
28,372,5
28,131,3
28,184,4
28,102,5
320,1519,5
320,442,4
320,1142,4
320,3314,2
320,7003,3
320,3578,4
320,8087,5
320,9711,4
320,7282,4
320,9408,4
320,6865,5
320,561,5
320,1554,4
320,1298,4
320,1155,4
300,941,4
131,786,2
131,3398,2
331,3431,3
331,2887,3
331,2594,3
331,693,2
331,660,1
331,1117,4
331,512,5
331,1706,5
331,402,4
331,2365,4
331,2468,4
331,9114,5
331,171,4
331,76,4
331,10,5
331,4,5
331,66,4
331,155,4
331,161,4
331,19,4
331,137,1
331,43,4
331,7,4
331,8,4
331,42,2
331,45,1
331,126,4
331,54,3
331,219,5
331,37,5
331,117,5
331,1530,5
331,245,4
331,63,3
331,225,3
331,32,3
331,730,3
331,44,2
331,255,3
331,287,3
331,13,5
331,131,4
331,83,5
331,160,4
331,5,4
331,119,5
331,311,2
331,172,3
331,498,4
331,113,1
331,93,5
331,109,4
331,1457,3
331,59,4
331,177,3
331,80,5
331,28,5
331,90,4
331,55,4
388,42,3
388,356,3
388,937,5
388,747,5
388,1350,5
388,1259,5
388,10,5
388,2857,5
386,229,3
386,4291,3
175,710,4
352,354,5
389,264,4
389,592,5
389,7155,4
389,476,5
389,325,5
389,704,3
389,130,5
389,181,4
389,225,5
389,495,3
389,117,5
389,115,3
389,2,5
389,60,5
389,94,4
389,121,3
389,323,5
389,92,5
389,405,5
389,287,5
389,57,4
389,516,5
389,587,5
389,1055,5
389,238,4
389,2440,3
389,217,4
389,663,4
389,520,5
389,959,5
389,4788,5
389,3417,5
389,1853,4
389,3719,5
389,828,3
389,380,3
389,2079,1
389,3703,5
389,354,5
389,258,2
389,3321,3
389,1544,2
389,6615,2
389,1739,5
389,1570,5
389,570,3
389,635,4
389,2027,2
389,1797,2
389,95,4
389,114,3
389,453,3
389,757,5
388,122,2
388,93,4
388,4,4
388,171,4
388,916,4
253,3022,2
253,646,2
253,160,3
301,7,3
301,510,4
301,1362,3
301,1278,3
301,1249,3
301,2,3
301,23,3
301,18,4
301,24,3
301,21,4
301,27,4
301,116,4
301,58,3
301,371,4
301,633,3
301,6318,4
301,432,4
301,1003,4
301,1235,3
301,2056,4
301,8555,4
301,9664,4
301,7436,1
301,3584,4
301,640,3
301,180,3
301,1015,2
301,361,3
301,83,3
301,19,4
301,155,4
301,161,4
301,54,4
301,599,4
301,751,4
301,1014,4
301,488,3
301,28,3
301,103,5
301,1342,4
301,1924,4
301,429,4
301,1768,4
301,1089,4
301,1343,4
301,2554,4
301,3246,4
301,3247,4
301,2086,4
301,2489,4
301,2043,4
301,2944,4
301,6144,4
301,2718,4
301,2658,4
301,2470,4
301,2469,4
301,894,4
301,3362,4
301,1368,4
301,3200,4
301,283,4
301,2452,4
301,2677,4
301,2936,4
301,755,4
301,3359,4
301,110,4
301,135,4
301,403,4
90,54,4
90,241,3
90,58,3
90,9990,4
90,606,4
90,344,4
90,943,4
90,1923,4
90,736,4
90,2508,5
90,763,4
90,1642,4
340,1206,5
340,708,2
340,2616,1
385,24,5
385,23,4
340,635,3
340,955,2
340,3913,4
340,1778,3
340,854,2
385,378,5
385,113,5
385,10,5
340,1199,5
340,4507,4
340,3672,3
340,5586,4
340,2069,5
179,249,4
179,3186,2
337,8625,3
337,984,3
337,531,5
337,3595,4
337,4361,4
337,1465,2
337,9648,3
337,2643,4
337,9563,5
337,646,2
337,9156,4
337,6274,5
337,4,5
337,1877,5
337,3844,4
187,925,4
187,317,5
187,179,5
187,5,4
385,33,5
187,345,4
222,561,4
222,62,2
222,150,3
222,36,4
222,87,5
222,209,5
222,1802,4
222,431,4
222,4422,1
222,54,4
222,599,3
222,1332,3
222,888,5
222,37,1
222,346,3
222,4872,3
222,55,4
222,13,4
222,48,4
222,425,1
222,29,4
222,138,4
340,2353,4
340,3082,4
340,3396,4
340,3660,4
340,3086,4
340,3395,4
222,2903,5
222,50,4
222,75,2
385,977,5
385,410,4
385,1928,4
385,820,3
385,1892,4
304,1725,3
304,3398,3
386,32,4
38,8152,3
38,635,4
38,103,3
38,413,3
38,177,2
38,485,3
229,777,4
229,3610,3
229,3567,2
229,1221,4
301,288,4
301,785,4
301,2673,4
301,628,4
301,1972,5
301,2666,4
301,2859,4
68,709,4
301,3500,3
301,1880,3
301,2416,3
301,6380,4
301,289,3
301,1161,3
301,1693,5
117,709,4
301,1862,4
301,2640,4
301,126,4
301,9749,4
301,1105,4
301,1262,4
301,2817,4
301,9675,4
117,573,2
117,9858,4
301,2045,4
301,8049,4
301,6440,2
301,9429,4
301,547,3
301,298,4
301,1204,4
389,2344,4
389,7264,5
319,136,3
387,114,3
387,310,4
387,108,5
387,955,3
387,1063,3
387,1436,2
387,2408,5
387,5263,3
387,4027,3
387,3070,3
387,326,2
387,777,4
89,520,4
89,1458,4
69,323,5
69,372,4
69,344,5
69,662,5
69,65,5
69,239,2
69,663,5
237,3021,5
237,2967,5
387,501,4
387,3197,1
387,2136,1
387,87,5
387,64,3
387,4005,2
387,3034,1
387,1796,1
387,35,5
387,1279,4
387,1843,4
387,1171,4
387,269,2
387,38,4
387,60,3
387,57,3
387,1547,3
387,78,3
387,3406,3
387,122,4
387,9,5
387,465,2
387,132,4
387,455,3
387,156,4
387,37,5
387,542,3
387,332,4
387,347,4
387,45,3
387,468,4
38,3398,5
38,7204,3
38,1996,4
38,706,3
393,345,3
393,3092,2
393,1236,3
386,85,3
386,786,3
100,709,4
100,213,4
100,3398,3
394,8,4
394,494,5
100,270,3
100,114,4
100,4260,3
100,778,4
206,1255,5
395,2,4
395,24,4
395,4,5
395,21,4
395,26,2
395,27,4
395,10,5
395,32,5
395,58,4
395,538,5
395,8802,5
395,109,5
395,778,3
395,138,3
395,4592,3
395,620,5
395,8132,4
395,8750,4
395,7,4
395,189,4
395,81,4
395,122,4
395,2028,4
395,4317,3
395,2192,3
395,7118,3
395,8401,4
395,7253,3
395,7226,3
395,3360,3
395,9587,3
395,219,4
395,76,4
395,63,4
395,43,4
395,186,3
395,700,3
395,1501,3
395,625,3
395,8656,3
396,2524,4
395,2566,4
395,3767,4
395,9070,3
395,919,3
395,757,5
395,9860,3
395,4555,4
396,104,5
395,948,3
395,5187,4
395,22,3
395,1083,3
395,557,2
395,306,3
395,476,3
395,325,3
395,704,3
395,168,5
395,670,4
395,72,4
395,6777,4
395,265,4
395,4368,4
395,8445,4
207,1184,3
177,4,5
395,25,4
395,7997,4
395,899,4
395,6104,4
395,2051,4
395,54,4
395,599,3
395,751,3
395,1727,3
395,1014,3
395,1332,3
372,2451,5
372,828,5
372,8823,4
197,2716,5
372,14,4
197,26,5
395,205,5
395,696,5
395,898,5
395,1533,4
395,1633,4
395,2347,4
372,161,5
395,6665,3
395,2604,4
395,3128,2
395,3477,3
395,1217,4
372,7,4
197,35,4
372,126,5
372,1105,5
372,1262,4
372,2299,3
372,2669,3
372,598,4
395,136,3
372,1246,4
372,3278,3
372,6578,2
372,1018,4
372,3298,3
372,1964,3
197,635,5
372,7513,4
372,3818,4
395,29,3
395,154,4
395,125,3
395,353,3
395,248,4
395,714,3
395,530,3
395,804,4
395,770,3
395,3535,4
395,1492,3
372,5496,5
372,1574,5
372,75,3
372,43,5
372,3794,2
372,1094,5
372,4622,3
372,27,3
372,21,4
372,2,4
372,18,3
372,24,5
372,23,4
372,2298,4
372,5840,4
372,8416,4
372,573,4
372,9707,3
372,2724,4
372,13,5
372,10,5
372,238,1
372,127,3
229,919,3
229,1103,2
229,33,4
229,150,5
229,57,4
229,372,4
229,508,3
55,1928,2
229,1843,4
399,2288,5
399,472,5
399,4391,4
399,8367,3
399,7779,5
399,662,4
399,287,5
399,100,5
399,570,4
399,42,3
399,383,3
399,1144,4
399,561,4
399,540,5
399,57,2
399,122,2
399,48,4
399,407,5
399,102,5
399,743,2
399,1843,3
399,93,5
399,89,5
399,2027,4
399,2051,2
399,436,3
399,468,4
399,1255,4
399,476,5
399,1796,4
399,6844,5
399,60,4
399,354,3
270,85,4
399,217,3
395,6348,4
400,881,5
400,784,3
400,104,2
338,1312,5
400,22,1
338,378,4
386,315,4
399,1421,3
399,194,5
399,758,3
399,3656,2
399,78,3
399,321,2
399,335,3
399,245,4
399,738,4
399,1639,4
399,905,3
399,8817,4
347,158,4
347,335,3
347,2809,2
347,4731,3
385,212,4
395,1061,4
395,2481,4
395,1176,3
395,560,3
395,1806,2
395,2368,2
395,740,4
395,66,4
395,326,3
395,9,4
395,381,3
395,847,3
395,1788,5
395,7186,3
395,102,5
395,1402,3
396,304,5
372,26,2
18,297,4
18,2172,4
18,1704,4
18,1074,4
18,2098,4
18,3600,4
18,3133,3
18,2552,4
18,4517,4
18,5330,4
18,7338,3
18,9972,4
385,2124,4
385,919,5
385,741,3
385,148,4
385,132,2
385,6158,4
385,4471,3
319,3868,4
402,495,5
403,38,5
403,378,4
399,523,4
403,733,3
403,11,4
403,115,5
403,65,5
403,33,4
403,499,3
403,3856,4
403,758,5
403,3933,3
403,538,4
403,457,4
403,595,4
403,3613,5
403,2190,4
403,4,5
403,60,3
403,162,3
403,8,5
403,4605,4
403,148,4
396,5667,3
396,38,5
396,1171,1
396,11,3
396,2368,3
396,1644,3
396,465,1
396,310,4
396,461,4
396,1501,2
396,186,4
396,306,4
396,1757,3
396,381,4
396,1675,4
396,5950,3
396,1567,4
396,5385,4
396,625,4
396,3501,3
396,1051,4
396,150,4
396,2013,3
396,1547,2
396,57,4
396,1544,4
396,4508,2
396,100,4
396,1892,3
396,2051,2
396,249,5
396,2136,3
396,658,1
396,383,2
396,33,3
396,46,3
396,9070,2
396,268,3
396,457,2
396,867,3
396,5617,4
396,217,1
396,273,3
396,81,4
396,136,1
396,258,3
396,895,3
403,941,3
399,1365,5
396,179,4
396,2738,2
396,407,1
396,45,4
396,22,4
396,115,5
396,1159,5
396,1365,4
396,111,2
396,1107,3
396,3504,2
396,9854,1
396,3219,2
396,228,4
396,1311,2
396,9516,3
403,258,3
101,100,5
101,4418,4
101,2897,4
101,101,5
101,344,5
101,372,5
101,943,3
101,1923,3
101,1144,5
101,2188,5
101,1752,4
101,860,4
101,2445,5
101,2,3
101,24,4
101,21,5
101,27,5
101,18,5
101,23,4
101,6980,4
101,321,4
101,57,5
101,1547,3
22,1124,4
253,402,3
404,485,5
404,3377,4
404,177,4
404,959,5
404,1135,3
404,1999,5
404,6787,5
404,2709,5
404,1561,5
404,8233,5
404,1681,2
404,55,5
404,1160,5
404,4444,4
404,5033,5
404,7575,4
404,5326,3
404,7392,4
404,2342,4
404,5420,5
404,92,3
404,173,5
59,709,4
59,33,4
40,857,5
21,489,2
21,1113,2
395,1073,4
395,1783,3
395,1566,4
395,2355,4
395,1785,4
395,1434,4
403,1566,3
403,83,4
403,1133,4
403,9025,4
401,1793,1
63,148,3
63,592,5
63,485,4
63,4260,4
63,33,4
401,373,4
401,184,4
401,8857,4
401,335,4
401,158,4
401,2123,4
401,19,4
401,155,4
401,161,4
401,189,4
401,7,4
401,37,4
401,219,4
131,4902,5
42,8456,4
284,1085,3
38,9858,4
63,699,1
63,80,5
22,7614,3
410,408,5
410,35,4
413,8,5
413,26,2
413,13,5
413,14,5
413,10,5
413,33,4
413,32,2
9,150,3
155,315,3
9,75,3
9,1457,1
9,108,3
9,306,3
9,955,3
9,1063,3
9,326,3
415,68,5
415,8423,5
415,2122,2
416,1842,2
401,92,4
401,969,3
417,2914,4
417,2284,3
401,42,3
322,9070,3
401,94,1
401,4341,5
401,439,4
401,2578,5
401,59,4
401,9,3
401,170,1
320,2262,5
320,4044,5
320,4440,5
320,7127,4
320,8,5
320,4,5
320,10,5
320,483,4
320,1672,5
320,35,5
320,489,4
320,1574,3
320,2210,3
320,3403,4
320,1099,4
320,171,4
320,76,4
320,230,4
385,78,2
77,7485,1
418,958,4
418,66,5
418,270,2
418,160,2
418,6160,3
418,635,5
403,118,5
9,264,4
403,9022,5
9,45,4
9,55,4
9,13,5
9,28,4
399,410,4
399,180,4
399,171,3
418,606,3
418,4068,5
418,7485,5
177,102,5
418,9858,3
9,941,5
9,22,3
406,2,3
406,24,2
406,18,4
406,709,4
362,5754,4
94,2521,2
94,6160,4
94,4260,2
94,4160,1
94,1663,3
94,1835,1
94,93,3
94,1725,3
94,9858,4
94,1847,1
395,38,4
395,160,3
395,3715,4
395,361,3
395,83,4
395,204,4
362,1255,1
395,119,3
425,36,5
425,225,4
425,9,5
425,18,5
425,122,4
425,27,4
425,21,3
425,24,4
425,32,3
425,23,4
425,7,4
395,3951,3
395,7117,3
425,76,5
425,937,5
425,62,5
425,368,5
425,480,4
425,19,5
425,155,5
425,161,5
425,37,5
425,641,4
425,542,5
425,332,4
425,347,5
425,292,5
425,602,4
425,7506,4
425,5232,4
425,1686,4
406,6820,4
399,7462,4
399,2578,5
399,3785,5
406,8023,2
406,4330,3
406,2026,4
406,618,3
406,2553,3
406,5508,4
406,2490,3
425,97,3
425,181,5
425,3974,4
425,1128,4
425,3834,3
425,3414,4
425,4070,3
425,6484,4
425,5877,4
406,7459,4
425,4933,4
406,1605,5
406,8951,3
406,213,5
406,1607,2
406,3419,4
406,1691,4
406,3907,3
406,6022,5
406,2931,4
362,468,3
362,984,5
187,2738,4
187,7458,4
379,2902,4
379,1206,4
379,1663,5
379,62,5
162,1430,4
162,78,4
362,82,3
402,609,3
285,1085,3
285,1793,2
300,635,4
402,496,4
300,8455,4
300,7810,2
402,230,5
226,4640,5
226,2584,5
226,14,3
226,6727,5
226,194,5
226,4394,5
362,958,3
226,8819,5
226,1135,4
226,1797,4
226,8452,4
226,959,5
406,472,4
406,1088,5
406,5437,3
406,8357,2
406,778,3
406,3642,4
406,471,2
406,71,3
406,26,2
406,9,1
406,881,4
406,8588,4
175,194,3
175,1923,4
175,1272,5
175,595,3
175,2952,2
175,961,5
410,3540,3
410,3828,4
410,13,4
410,191,5
427,94,5
427,233,3
427,1239,4
427,1853,3
427,65,3
427,2770,4
427,1299,5
427,1503,5
427,2025,3
427,2274,5
427,3428,4
427,4316,4
427,4872,3
427,8996,5
427,115,5
427,557,4
427,688,4
427,236,4
427,82,3
427,7649,4
427,763,4
427,2508,5
427,372,3
427,344,4
427,101,4
427,2115,5
427,33,4
427,45,4
427,87,4
427,289,4
427,9036,3
401,4103,3
401,529,3
401,125,5
401,6867,2
429,430,3
429,1145,2
429,1843,2
429,2013,4
429,1159,3
415,8298,3
415,9471,2
209,1672,4
209,28,3
401,416,5
403,1888,5
401,7683,4
401,260,3
403,54,4
311,743,4
427,669,4
427,26,2
427,9,1
427,3979,2
427,238,3
427,767,3
427,2727,3
427,474,4
427,6615,3
427,916,3
401,154,5
401,353,3
401,248,4
401,530,5
401,804,4
401,770,5
401,839,3
401,855,2
401,773,4
401,3700,4
418,162,3
322,3634,4
77,9606,4
77,590,1
248,867,5
248,331,3
253,4788,4
284,3979,3
399,270,4
399,2698,5
399,200,5
399,2235,4
399,672,4
399,1410,4
399,1741,3
399,5858,3
399,6078,4
253,941,3
399,538,4
322,4139,4
399,3255,3
399,7615,4
399,6604,3
364,127,3
427,439,4
427,819,4
427,3406,2
38,1784,4
38,79,5
333,2,5
333,24,5
333,21,5
333,18,5
333,27,5
333,25,5
333,6219,5
333,2902,5
333,4119,5
333,3696,5
333,85,4
333,8336,3
333,9858,5
333,653,4
333,8946,5
333,8455,5
366,4067,3
366,217,2
366,3979,2
366,476,4
366,325,5
366,11,5
366,7569,5
366,943,4
366,344,4
366,113,5
366,70,5
366,492,4
366,838,3
366,1213,3
366,395,3
366,1154,4
331,6132,2
331,4895,2
331,943,4
427,1314,5
427,1206,3
427,935,3
427,2419,4
427,3982,3
427,383,2
427,431,3
427,887,2
427,2314,3
427,170,2
427,762,4
427,29,2
427,6530,3
427,205,3
427,1096,3
401,1258,5
253,6298,4
439,80,4
439,27,5
439,18,4
439,35,3
439,94,5
439,10,4
439,33,3
439,5,4
439,23,2
439,635,3
439,115,5
439,11,4
439,476,4
439,325,3
439,704,3
439,1936,2
439,4130,2
439,233,4
439,7277,3
439,487,3
439,660,3
439,575,2
439,1296,2
439,1564,3
439,1592,4
439,693,2
439,1677,2
439,5343,3
439,1100,3
439,2827,3
439,6276,4
439,3533,3
439,6975,3
439,9628,2
439,6533,2
439,378,3
439,662,3
439,5932,4
439,9691,3
439,108,3
439,1063,2
439,1436,3
439,955,3
410,115,5
439,4,5
439,38,4
439,100,4
439,287,4
439,7,3
439,1457,1
439,3979,2
439,4473,2
439,78,3
439,2136,3
439,40,1
439,111,4
439,1928,3
439,916,4
439,867,3
439,45,3
439,76,3
439,19,4
439,155,4
439,161,4
439,335,3
439,373,5
439,158,4
439,43,4
439,63,3
439,7796,2
439,669,4
439,925,3
439,4108,3
399,757,4
399,1430,2
399,2770,4
416,26,3
416,287,3
416,11,4
399,29,3
399,248,3
416,111,4
399,714,5
399,530,3
416,33,4
399,804,4
416,100,5
416,150,4
416,57,4
399,839,3
399,855,4
416,118,4
416,22,4
416,1083,3
416,1547,2
416,1144,4
416,860,3
416,1752,4
416,1843,4
399,860,4
399,2097,5
440,523,3
320,133,5
320,8867,4
320,1196,4
320,54,4
320,109,3
320,530,5
320,317,5
320,248,4
320,14,5
320,198,5
320,114,5
320,2002,4
320,213,3
320,614,4
439,436,4
362,184,4
403,1381,4
401,5448,4
401,2082,5
379,817,5
379,9699,5
379,432,5
131,21,4
131,27,4
131,23,3
131,278,3
131,8455,3
131,85,4
131,50,2
131,5792,1
131,2521,2
131,469,2
131,1286,3
423,8355,4
423,5995,3
423,3002,3
423,1202,4
423,8366,3
131,5423,2
444,6600,4
444,7859,2
444,172,5
444,498,5
444,4106,4
444,177,2
444,1392,5
444,32,3
444,225,4
444,131,5
444,595,5
444,127,3
444,28,4
444,1566,1
444,10,3
444,3785,4
444,323,4
444,1084,5
444,1434,3
444,2177,2
444,255,4
444,287,4
444,8396,3
444,2132,2
444,101,5
444,238,3
444,2362,3
444,8064,4
444,2131,3
444,1518,2
444,5,2
444,4836,5
444,592,2
444,87,3
444,233,4
444,2220,2
444,9624,3
444,117,3
444,8735,2
444,325,4
185,8598,4
444,468,4
444,531,1
444,646,1
444,493,2
444,3061,3
444,2860,2
444,219,5
444,337,3
444,3451,3
444,479,2
444,5425,4
444,3595,1
444,4,3
444,138,3
444,7952,2
444,560,3
444,94,3
444,121,3
444,408,4
444,58,2
444,92,4
444,83,2
444,79,2
444,301,3
444,5155,5
444,264,2
444,29,3
444,102,3
444,782,4
444,3582,4
444,1196,3
444,5088,2
444,1788,3
444,4483,4
444,1010,3
444,6590,4
444,9679,2
444,1683,4
444,6274,4
444,114,2
444,4090,2
444,162,4
444,400,4
446,1149,4
446,616,4
446,1426,4
446,1685,5
446,2991,4
446,1842,4
446,4427,4
446,27,5
446,21,5
446,2,5
446,24,5
446,9772,4
446,6454,4
446,8439,3
446,7454,3
446,4513,3
446,948,5
446,457,5
446,97,5
446,4400,3
446,4390,3
446,3567,4
446,1111,3
446,5427,3
446,3011,5
446,777,5
444,1561,4
444,4104,5
446,952,4
446,108,5
446,1063,4
446,955,4
446,1436,4
444,485,5
444,1041,4
446,2710,5
446,700,5
446,1537,5
446,1501,4
446,186,5
446,245,5
446,58,4
446,5,3
446,8,5
446,114,5
446,80,4
446,278,5
446,50,5
446,786,5
446,11,4
446,37,5
446,339,5
446,22,5
446,9,4
446,65,4
446,26,5
446,959,3
446,133,4
446,122,5
446,198,4
446,257,4
446,386,5
446,29,5
446,171,5
446,43,5
446,76,5
446,4,5
446,18,5
446,10,5
446,33,5
446,60,4
446,38,3
446,57,4
446,28,4
446,100,5
446,743,5
446,1153,4
446,3254,4
446,2578,4
446,8779,4
446,306,5
446,304,4
446,660,3
446,1547,4
446,1526,3
446,2136,3
446,1457,5
446,75,4
446,1649,4
446,87,4
446,885,2
446,763,4
446,1311,3
446,326,5
446,1386,4
446,5667,4
446,2820,4
446,42,5
446,131,3
446,540,4
446,102,5
446,117,4
446,416,4
446,373,4
446,158,5
446,2049,4
446,321,4
446,111,4
446,273,4
446,523,4
446,594,4
446,59,5
446,70,4
446,66,5
446,986,3
446,217,3
447,26,4
447,28,3
447,4660,4
447,5215,5
447,4,5
447,2,4
447,18,5
447,24,4
447,21,4
447,27,5
447,23,2
447,5,4
447,11,3
447,14,2
447,58,3
447,57,4
447,36,3
447,150,5
447,3119,5
447,683,5
447,1459,3
447,1414,4
447,9,5
447,737,4
447,3613,5
447,241,5
447,29,4
447,353,5
447,131,2
447,398,4
447,6566,4
447,1526,3
447,1311,4
447,1843,4
447,2270,4
447,1718,5
447,2054,5
447,350,3
447,5378,3
447,390,1
447,87,4
447,48,3
447,1106,3
447,523,5
447,77,5
447,50,4
447,71,4
447,114,4
447,132,5
447,84,3
447,158,5
447,184,4
447,416,5
447,1938,5
447,1258,5
447,501,2
447,468,4
447,1068,4
447,461,2
304,8704,4
304,3519,3
304,10,3
304,43,3
427,1515,5
200,38,5
200,127,5
200,1311,4
90,7771,5
362,485,5
449,117,5
449,4309,3
449,160,5
452,426,4
447,2621,4
447,410,4
452,690,4
452,659,5
447,223,3
447,918,3
447,356,4
447,873,4
447,1033,3
447,325,4
447,1145,4
447,1255,2
447,25,4
447,622,5
449,3256,5
449,7852,5
449,172,4
449,94,2
449,2765,5
449,7548,5
449,590,4
449,189,5
449,219,5
449,1025,4
449,4861,5
449,493,5
449,2860,5
449,1106,4
449,2963,4
449,1357,5
449,6469,5
449,6410,5
449,10,4
449,14,3
449,485,5
449,3331,5
449,3951,5
449,3392,5
449,7117,4
449,4151,5
449,362,4
449,109,5
449,504,5
449,8,2
449,55,5
449,4090,4
449,287,4
449,961,4
449,2355,4
449,43,5
449,42,5
449,958,4
449,2724,4
449,461,4
304,485,5
333,97,5
366,653,4
366,2440,4
366,1378,3
366,7917,2
366,3675,3
453,14,4
453,8,4
453,13,5
453,35,3
453,94,5
453,483,4
453,5,4
453,635,5
453,1515,4
453,65,5
453,297,5
453,3068,4
453,2098,4
453,196,5
453,484,4
453,1389,5
453,1236,3
453,55,5
453,5783,4
453,178,4
453,119,4
453,572,5
453,2052,4
453,531,3
453,4537,4
453,772,4
453,6896,4
453,3930,3
453,4999,4
453,198,3
453,546,4
453,100,3
453,468,4
453,180,5
453,103,3
453,1847,3
453,6772,4
453,2479,4
453,788,3
453,1312,4
453,4,4
453,872,5
453,109,3
453,173,4
453,4584,5
453,2732,4
453,138,4
453,5704,3
453,264,4
453,6273,4
453,395,5
453,130,3
453,401,4
453,3126,4
453,1364,5
453,177,5
453,2131,4
453,118,3
453,903,4
453,4298,4
453,287,3
453,560,3
453,925,3
453,1980,4
453,48,5
447,90,5
447,7292,4
447,799,3
245,38,3
245,32,3
245,172,4
245,83,4
245,361,3
245,160,3
245,590,3
245,204,3
245,26,4
245,170,2
245,145,2
245,9,3
245,90,4
245,14,2
245,45,4
245,2,4
245,24,4
245,21,4
245,27,4
245,18,4
245,578,3
245,488,3
245,4,4
245,19,4
245,155,4
245,161,4
245,130,4
245,264,4
245,395,4
245,114,5
245,132,4
245,784,4
245,270,4
245,42,5
245,66,5
245,133,5
245,3138,4
245,1210,5
245,2821,4
245,1112,4
245,3904,3
245,93,5
245,33,4
245,1457,4
245,109,4
245,778,3
245,59,4
245,635,3
245,639,4
245,296,4
245,1119,3
245,1249,3
245,528,3
245,6218,3
245,722,3
245,1362,3
245,89,4
245,5629,2
245,763,2
245,2508,2
245,1642,2
245,1465,4
245,461,4
245,50,4
245,85,5
245,278,4
245,786,4
245,2920,3
449,13,4
449,29,4
449,804,3
449,530,4
449,248,5
449,154,3
454,354,5
454,8018,5
454,2124,5
454,13,5
454,1214,5
454,129,5
454,4,5
454,189,5
454,9036,2
